,pred_Equity (SPY),pred_Long Treasuries (TLT),pred_Short Treasuries (SHY),pred_Gold (GLD),pred_Oil (DBO)
2018-06-27,-0.010293039,-0.0011186567,0.0013652444,0.0021882057,-0.23140241
2018-06-28,0.0013524648,0.0002600993,0.002256121,0.00867256,-0.20362616
2018-06-29,0.014092976,0.014748152,0.001950438,0.0017225677,-0.16804089
2018-07-02,0.022865565,0.013291625,-2.9687362e-06,0.006539149,-0.13860767
2018-07-03,0.025476659,0.0010264101,0.0007795481,0.004726518,-0.09178882
2018-07-05,0.027913349,-0.0027994928,0.00042392066,-0.0045895334,-0.07635125
2018-07-06,0.028131703,0.0071701403,0.00021295514,0.0056246147,-0.11573901
2018-07-09,0.032140605,0.0095970165,7.820604e-05,0.0013509467,-0.09555747
2018-07-10,0.02278675,0.011441279,-0.0008039579,0.00023275241,-0.0984532
2018-07-11,0.028571362,0.00048571778,-0.0011535044,-0.0056597944,-0.089133285
2018-07-12,0.023036676,-0.012182526,-8.789604e-05,-0.007829235,-0.046954535
2018-07-13,0.02297554,-0.00078090327,0.00028165148,-0.012257322,-0.09118826
2018-07-16,0.024874507,-0.0010326202,0.001974468,-0.019168422,-0.08396373
2018-07-17,0.013485698,-0.001846951,0.0013818264,-0.029110413,-0.07548498
2018-07-18,0.016519325,0.0061398204,0.0027423133,-0.029837498,-0.08182753
2018-07-19,0.018974045,0.0026006405,0.0034306198,-0.027510714,-0.10049618
2018-07-20,0.021588618,-0.0010053688,0.0036242781,-0.02489096,-0.095693134
2018-07-23,0.013424734,-0.0014459924,0.0039745294,-0.025298215,-0.1188835
2018-07-24,0.015981702,0.00975577,0.0028871172,-0.010716447,-0.11971279
2018-07-25,0.026654834,0.0058148606,0.0011238159,0.003584274,-0.11491022
2018-07-26,0.024060251,0.00428205,2.4891546e-05,0.01675396,-0.11079227
2018-07-27,0.030181715,0.00020626839,0.00092279876,0.029797215,-0.080735706
2018-07-30,0.02390899,-0.0091232695,0.000640134,0.031306725,-0.06311723
2018-07-31,0.024515824,-0.020976942,0.001114014,0.028765697,-0.055867545
2018-08-01,0.018802257,-0.031853102,9.4968214e-05,0.024688404,-0.06170412
2018-08-02,0.017788114,-0.028786957,0.0013040756,0.019608345,-0.040099137
2018-08-03,0.029039325,-0.011682134,0.000939957,0.011890173,-0.063163646
2018-08-06,0.024964632,-0.020773167,0.0006565979,0.011787213,-0.063678704
2018-08-07,0.023142288,-0.009639816,0.0014916096,0.011875227,-0.06977462
2018-08-08,0.019876944,-0.0035555358,0.0008428863,0.017270159,-0.07335492
2018-08-09,0.013702152,-0.009218233,0.000999647,0.011549,-0.068151854
2018-08-10,0.022988228,-0.0029036324,0.0013746755,0.0072990377,-0.09870708
2018-08-13,0.031802304,0.010514575,0.0024723338,-0.0008894894,-0.1131012
2018-08-14,0.033983596,0.019042872,0.0035780957,-0.0044975244,-0.126679
2018-08-15,0.031159779,0.017315364,0.002734041,-0.00644253,-0.11478882
2018-08-16,0.033256724,0.025701186,0.0040055807,-0.005331941,-0.1069443
2018-08-17,0.029174479,0.016210731,0.0034201443,-0.0034089144,-0.077987604
2018-08-20,0.026362216,-0.0046757725,0.0036350559,-9.151362e-05,-0.07980568
2018-08-21,0.0282124,-0.014418827,0.004540995,-0.00017341599,-0.083834015
2018-08-22,0.025389967,-0.008396093,0.0044084354,-0.003621934,-0.07758615
2018-08-23,0.03310387,0.0019233334,0.00431349,0.0020156726,-0.09160531
2018-08-24,0.035043314,-0.00067424215,0.0039953943,0.0030186381,-0.07685704
2018-08-27,0.036138527,-0.0045336024,0.0023251993,-0.011130365,-0.079511784
2018-08-28,0.028452242,-0.006505581,0.0011904021,-0.020257015,-0.06927857
2018-08-29,0.022889996,-0.00561081,0.0013998948,-0.024399254,-0.035910256
2018-08-30,0.027997473,0.0026086434,0.0003383267,-0.026061485,-0.021721981
2018-08-31,0.025917063,-0.02184762,0.0011134681,-0.027530286,0.003208884
2018-09-04,0.019608172,-0.028732892,0.00092399586,-0.027721886,-0.013842932
2018-09-05,0.014649665,-0.0261488,0.00032533458,-0.029086873,-0.018937133
2018-09-06,0.011209959,-0.030120738,7.9190446e-05,-0.03480121,-0.014419175
2018-09-07,0.014111208,-0.031335454,-5.8183476e-05,-0.038804173,-0.007643885
2018-09-10,0.015811326,-0.02285449,-0.0001221906,-0.032505944,-0.03840237
2018-09-11,0.019444564,-0.022512965,-0.0021272667,-0.027507827,-0.02766534
2018-09-12,0.018056812,-0.008488985,-0.001388015,-0.016185883,-0.06376252
2018-09-13,0.019107679,-0.01024778,-0.0021000982,-0.011222854,-0.059412874
2018-09-14,0.017233102,-0.017888634,-0.0022109915,-0.019719671,-0.08641634
2018-09-17,0.013245391,-0.008114494,-0.0015290341,-0.018383062,-0.08207225
2018-09-18,0.012981992,-0.0066326405,-0.0012558486,-0.020314801,-0.06972661
2018-09-19,0.012479505,-0.006811785,-0.001198159,-0.029803036,-0.07391713
2018-09-20,0.012060482,-0.006268174,-0.000963102,-0.02721299,-0.080773465
2018-09-21,0.01773733,-0.012362884,-0.002866858,-0.032753732,-0.08497728
2018-09-24,0.015702305,-0.010366296,-0.0013905315,-0.028991109,-0.0637052
2018-09-25,0.015550928,-0.009416645,-0.0017095552,-0.024420753,-0.05428522
2018-09-26,0.014289079,-0.0091207605,-0.0024416554,-0.029203169,-0.038573094
2018-09-27,0.014662771,-0.008078486,-0.0026585865,-0.034081925,-0.023433678
2018-09-28,0.017483437,0.000280397,-0.0025247897,-0.03198699,-0.02105885
2018-10-01,0.016668407,0.0042672358,-0.0034227287,-0.043411087,-0.019356735
2018-10-02,0.019840667,0.0037097163,-0.0021113746,-0.035574652,-0.040914945
2018-10-03,0.02101857,0.002046891,-0.0035297973,-0.042061877,-0.026019014
2018-10-04,0.020835942,-0.0017978442,-0.0008461111,-0.04256069,-0.07210068
2018-10-05,0.025260197,0.00029373122,-0.0008280113,-0.04484467,-0.08109743
2018-10-08,0.027427452,0.0008615437,-0.00032928996,-0.04768545,-0.08528731
2018-10-09,0.036677063,0.0048285346,-0.00060506107,-0.04210571,-0.07654264
2018-10-10,0.04345286,0.011710284,-0.0027436917,-0.035320356,-0.04773005
2018-10-11,0.044454895,0.0057942937,0.0008668542,-0.033575013,-0.01069986
2018-10-12,0.037612587,-0.02211146,0.00085712236,-0.036114655,0.011883237
2018-10-15,0.04660639,-0.002264936,0.00029352782,-0.051761203,-0.023404993
2018-10-16,0.05534208,0.011884328,0.0028886166,-0.052730117,-0.045719363
2018-10-17,0.053955004,0.0408136,0.002823742,-0.041535098,0.02739159
2018-10-18,0.046270818,0.039185017,0.0046854294,-0.05224993,0.022993453
2018-10-19,0.039047897,0.02367257,0.007463345,-0.05337395,-0.0095943725
2018-10-22,0.036249287,0.014788505,0.0076165446,-0.03839484,0.003091582
2018-10-23,0.03669525,0.014721025,0.007844149,-0.034237992,0.015157201
2018-10-24,0.03070595,0.010873612,0.006487032,-0.03742174,-0.036752008
2018-10-25,-0.014744494,0.03205818,0.0008591289,-0.026192117,-0.07954014
2018-10-26,0.03738776,0.038356807,0.0035282853,-0.005866725,-0.033683218
2018-10-29,0.029128047,0.02932822,-0.0011781234,0.0052931905,-0.030967914
2018-10-30,0.07568787,0.014579412,-0.005341114,0.0021739192,-0.0097394055
2018-10-31,0.065561965,0.0060754786,-0.0003458852,-0.00082468614,-0.029405467
2018-11-01,0.03550023,0.016858675,0.006341364,-0.022592891,0.040892027
2018-11-02,0.004119439,0.04191738,0.007459587,-0.038777474,-0.001565746
2018-11-05,0.0061351564,-0.00056171836,0.020729143,-0.059669655,0.122503124
2018-11-06,-0.00933606,0.021561477,0.03377946,-0.040724777,0.07147637
2018-11-07,-0.004737599,0.0010639164,0.047502123,-0.051312383,0.12614708
2018-11-08,0.023750203,0.0014197188,0.059767358,-0.047488663,0.17909469
2018-11-09,0.012974476,0.055151574,0.056085296,-0.04817446,0.17983977
2018-11-12,0.0036365874,0.04406019,0.04351768,-0.054458518,0.0874029
2018-11-13,0.017883604,0.044601027,0.026905766,-0.02986015,0.020989306
2018-11-14,0.052943625,0.01097687,0.010262347,-0.04934029,0.0012817243
2018-11-15,-0.0045632757,0.0186775,0.016120635,0.0078241415,-0.048884436
2018-11-16,0.030266019,0.015602503,0.0066179577,0.005274417,0.0076128403
2018-11-19,0.0292612,0.025135767,0.00096691644,0.0069624055,0.003126313
2018-11-20,0.024711298,0.012370944,-0.008734212,0.013500312,-0.019787803
2018-11-21,0.05845893,-0.010160033,-0.008050318,0.006606942,-0.07258358
2018-11-23,0.05614034,0.017055389,-0.01216423,0.01784572,-0.07206587
2018-11-26,0.034396924,-0.00027220417,-0.012814772,0.0105391815,-0.08253792
2018-11-27,0.03815578,0.010561181,-0.042765424,0.015839178,0.01614793
2018-11-28,0.0012072232,0.014605334,-0.04973326,0.0121384,0.014468105
2018-11-29,0.0095956065,0.0010239216,-0.021114372,0.018517867,0.06094878
2018-11-30,0.0028077662,0.014373656,-0.023309832,0.008614756,0.0016031796
2018-12-03,-0.0004435461,0.013527837,-0.0069199516,0.0011702031,-0.0262748
2018-12-04,0.010577001,0.015863877,0.014469282,-0.0032270532,-0.06752533
2018-12-06,0.0025309604,-0.007658087,0.0013211692,0.020733146,-0.16415562
2018-12-07,0.04015603,-0.010828322,0.0061882907,0.018916637,-0.13444139
2018-12-10,0.050513104,-0.008313341,-0.0022833063,0.014519028,-0.10522127
2018-12-11,0.078243285,-0.027239118,0.003921202,0.03132005,-0.099538274
2018-12-12,0.058596402,-0.028715838,0.0011302443,0.04127214,-0.10972633
2018-12-13,0.05092582,-0.027651276,-0.007675299,0.038959615,-0.1212317
2018-12-14,0.07311791,-0.0008047377,-0.0126180025,0.037756383,-0.13393386
2018-12-17,0.05153332,-0.015526868,0.0033652657,0.042567186,-0.1988221
2018-12-18,0.054764554,0.0022698562,0.010665218,0.060461637,-0.18163775
2018-12-19,0.05232665,-0.027899325,0.014432049,0.059850145,-0.18546395
2018-12-20,0.060651287,-0.026987806,-0.0034764684,0.060590345,-0.19604303
2018-12-21,0.05093302,-0.042018045,0.00090743473,0.046801914,-0.11077867
2018-12-24,0.09063202,-0.038652923,0.0069218786,0.038475227,-0.11757049
2018-12-26,0.087097,-0.04011519,0.026258424,0.03681338,-0.051217332
2018-12-27,0.10684229,-0.027388562,0.0062559606,0.057575542,-0.09228303
2018-12-28,0.10671744,0.00078711985,-0.0016515342,0.035552185,-0.083063185
2018-12-31,0.11187738,-0.0032243025,0.014585461,0.025721103,-0.08547034
2019-01-02,0.11374061,0.023673441,0.020750629,0.040441487,-0.13382944
2019-01-03,0.117130265,0.04883818,0.022859834,0.034110066,-0.13234061
2019-01-04,0.14571145,-0.0018582013,0.051423043,0.035116497,-0.09931495
2019-01-07,0.10802418,0.016685795,0.029736055,0.055979718,-0.069829926
2019-01-08,0.07221238,0.050719563,0.04555911,0.04785433,-0.113491535
2019-01-09,0.028324159,0.05760872,0.04067807,0.06349754,-0.1479999
2019-01-10,-0.011352299,0.052349966,0.029121477,0.07349253,-0.143601
2019-01-11,-0.0226946,0.047438797,0.011171897,0.07508539,-0.20140924
2019-01-14,-0.008240072,0.028712478,0.009783521,0.08211775,-0.25849634
2019-01-15,0.022173295,0.020549458,0.009483555,0.08227059,-0.23916347
2019-01-16,0.03945286,0.03245246,0.014961124,0.08544089,-0.20931636
2019-01-17,0.035111926,0.02434757,0.016969107,0.07709132,-0.15312703
2019-01-18,0.042546816,0.03362846,0.0181174,0.07652755,-0.15610364
2019-01-22,0.058569662,0.052641403,0.0034325048,0.08338234,-0.19648717
2019-01-23,0.025910148,0.055217486,0.007451097,0.082891956,-0.22545181
2019-01-24,0.03250347,0.057836335,0.004305025,0.08700751,-0.23205021
2019-01-25,0.044637322,0.07272319,0.0066103316,0.09235369,-0.24370536
2019-01-28,0.03486807,0.07844668,0.003332014,0.09945299,-0.23828684
2019-01-29,0.011293003,0.0882825,0.0035625836,0.08476092,-0.20541768
2019-01-30,-0.012118066,0.09554666,0.004395922,0.1004041,-0.18517299
2019-01-31,-0.013973368,0.11750611,0.006075451,0.11490512,-0.21294127
2019-02-01,-0.012599705,0.12873837,0.00715463,0.099475086,-0.2294784
2019-02-04,-0.016519336,0.113670975,0.0052198195,0.10090032,-0.19739866
2019-02-05,0.025112847,0.13070194,0.005866523,0.09627463,-0.18518682
2019-02-06,0.035823658,0.13723387,0.0060616895,0.08444063,-0.1701807
2019-02-07,0.012272732,0.12582462,0.0053422865,0.09221761,-0.13734028
2019-02-08,-0.0128865745,0.110008925,0.0053006303,0.10112804,-0.11758981
2019-02-11,0.011187537,0.089596085,0.0063027064,0.10833852,-0.10686783
2019-02-12,0.036595657,0.0755625,0.0015266713,0.104716,-0.08155336
2019-02-13,0.050063305,0.07473465,0.0067080325,0.11106075,-0.112114206
2019-02-14,0.024129102,0.08448335,0.0039401944,0.107718155,-0.106922925
2019-02-15,0.008201398,0.09369727,0.007806706,0.13205703,-0.12875685
2019-02-19,-0.059673056,0.07456628,0.0065322225,0.12936024,-0.17747466
2019-02-20,-0.08056137,0.067192055,0.0070332335,0.14282325,-0.17884453
2019-02-21,-0.07708212,0.05736355,0.006733119,0.13292825,-0.17247745
2019-02-22,-0.028958024,0.060702715,0.0046868036,0.12347038,-0.14985213
2019-02-25,-0.05628907,0.06354648,0.006878266,0.13029374,-0.17787814
2019-02-26,-0.028725581,0.070875324,0.005519537,0.11058943,-0.15490727
2019-02-27,-0.04331632,0.073651776,0.0064673987,0.10999361,-0.15283133
2019-02-28,-0.02423861,0.0801655,0.0051612942,0.096379265,-0.15258993
2019-03-01,-0.019528922,0.08311357,0.005481198,0.08764629,-0.14658795
2019-03-04,0.03263738,0.09451595,0.005662706,0.07410312,-0.13819155
2019-03-05,0.04216837,0.08296456,0.007274134,0.08990775,-0.14892344
2019-03-06,0.03657227,0.06963194,0.007115359,0.08363864,-0.15562558
2019-03-07,0.0335828,0.066491365,0.008096672,0.09106274,-0.14750801
2019-03-08,0.004694568,0.05163023,0.0099146,0.1086178,-0.1297713
2019-03-11,-0.008626761,0.026968561,0.008388337,0.11389212,-0.13800804
2019-03-12,-0.002329329,0.030623037,0.007940343,0.10157399,-0.13248233
2019-03-13,0.009434199,0.027723055,0.007719383,0.11700876,-0.14459454
2019-03-14,-0.009256073,0.029464971,0.0071540833,0.1130705,-0.15395492
2019-03-15,0.0003404636,0.03830435,0.008024868,0.11481528,-0.13958241
2019-03-18,0.008619029,0.018577613,0.009278921,0.12137769,-0.15614405
2019-03-19,0.009763984,0.015453212,0.007880427,0.11911839,-0.1672989
2019-03-20,0.01193721,0.013822429,0.0069651906,0.11088839,-0.16822773
2019-03-21,0.007783694,0.027256804,0.008530173,0.12753719,-0.14407448
2019-03-22,-0.0009465385,0.025907299,0.0066375425,0.11819857,-0.18947794
2019-03-25,-0.022512557,0.03062269,0.008012715,0.12231146,-0.15318312
2019-03-26,-0.019783279,0.019713141,0.0056905975,0.118494496,-0.11631901
2019-03-27,-0.007067686,0.017843645,0.0048342166,0.10650204,-0.13210191
2019-03-28,-0.0012935381,0.006957784,0.003579056,0.11223146,-0.09954438
2019-03-29,-0.010535592,0.015182879,0.0035893782,0.108097196,-0.06599826
2019-04-01,0.00023095496,0.018675456,0.004644721,0.12431477,-0.05031214
2019-04-02,0.01672707,0.055882126,0.0074058813,0.107258916,-0.03656859
2019-04-03,0.013640182,0.045562495,0.011770553,0.09731297,-0.014871097
2019-04-04,0.008422362,0.06154903,0.0055566677,0.08880888,-0.066000335
2019-04-05,0.00037620403,0.07159885,0.0039641927,0.07693164,-0.074437074
2019-04-08,-0.0042852797,0.07628238,0.0037967917,0.07626912,-0.06980858
2019-04-09,-0.012191907,0.0626965,0.0030579078,0.064750865,-0.10606528
2019-04-10,-0.015237074,0.05954891,0.00035755857,0.06036781,-0.118456446
2019-04-11,-0.012513462,0.0737225,0.0022733225,0.06848124,-0.09748476
2019-04-12,-0.0052740034,0.06248823,0.0017968792,0.052416164,-0.14344169
2019-04-15,-0.005499024,0.06267924,-0.0002181145,0.052589107,-0.13195717
2019-04-16,-0.0016486496,0.059568867,0.00067244016,0.052391227,-0.1026186
2019-04-17,0.0033305287,0.0677372,0.0007201381,0.053292293,-0.11081504
2019-04-18,0.009278042,0.06643001,0.0010949335,0.05121677,-0.10610182
2019-04-22,0.00637405,0.057433743,0.0014325097,0.064457774,-0.11676403
2019-04-23,-0.0020992588,0.053702727,0.002290434,0.06710018,-0.147406
2019-04-24,0.006426161,0.053878587,0.0025782539,0.07966779,-0.14508136
2019-04-25,0.0024346467,0.045044973,0.003944771,0.08408058,-0.16709056
2019-04-26,-0.0042347508,0.045677084,0.0039760205,0.07286891,-0.17818671
2019-04-29,0.009206066,0.0584452,0.0058231363,0.09572823,-0.15002874
2019-04-30,-0.011002402,0.048524648,0.0059410925,0.076526746,-0.17458008
2019-05-01,-0.004489422,0.039793786,0.0060862876,0.088327765,-0.16143821
2019-05-02,0.003953457,0.0316395,0.0052378145,0.059009437,-0.15883836
2019-05-03,0.009735908,0.038013224,0.002003189,0.0531101,-0.106527604
2019-05-06,0.021035234,0.032682363,0.0034171473,0.048858017,-0.14288951
2019-05-07,0.023246715,0.032213207,0.0047382754,0.032103084,-0.17111064
2019-05-08,0.023806373,0.031192645,0.003954137,0.019674435,-0.17859432
2019-05-09,0.015982678,0.020678833,0.00014832799,0.018425358,-0.21797332
2019-05-10,0.011238411,0.013722964,0.001487319,0.015614357,-0.20779993
2019-05-13,0.010783238,0.009122645,-0.0018273819,0.012753561,-0.19692771
2019-05-14,0.0073594935,0.005534311,-0.0041006473,0.003610257,-0.14089605
2019-05-15,-0.0032536332,-0.000696694,-0.004446829,0.009190017,-0.1687494
2019-05-16,-0.009485006,0.0015043407,0.0046524783,0.010294298,-0.1388313
2019-05-17,0.0022688843,0.0039172615,-0.0006375214,0.009343067,-0.16568129
2019-05-20,0.011578586,0.002447534,0.001535351,0.018997146,-0.1554052
2019-05-21,0.0048602,0.009454783,-0.0069615,0.0051452005,-0.24664737
2019-05-22,0.0060660113,0.01635607,-0.0064296243,0.018034281,-0.2903674
2019-05-23,0.0043833293,0.020474408,0.003278946,0.026057687,-0.2940714
2019-05-24,0.019918403,0.034643307,0.018499214,0.03850194,-0.24649777
2019-05-28,0.042436704,0.0314222,0.004567236,0.04609447,-0.32588792
2019-05-29,0.0229686,0.020509955,0.009195398,0.049372073,-0.31849003
2019-05-30,0.014818074,-9.1027934e-05,-0.0014904061,0.05004669,-0.3350648
2019-05-31,-0.013992367,0.012276381,0.0050268085,0.040479913,-0.29790962
2019-06-03,-0.059979066,0.018134817,0.016348133,0.037683096,-0.22098733
2019-06-04,-0.0022655334,0.006479043,0.0073251785,0.037273664,-0.17549016
2019-06-05,0.037962638,-0.004847393,0.010411493,0.05446325,-0.121901974
2019-06-06,0.0269776,0.009674095,0.05433558,0.03879721,-0.12910183
2019-06-07,0.037825532,-0.01176266,0.03332991,0.031803142,-0.11975447
2019-06-10,0.023876058,-0.02093726,0.037942335,0.0052834116,-0.1047321
2019-06-11,-0.016362192,-0.02903559,-0.0030483692,0.022992246,-0.0869802
2019-06-12,-0.008678308,-0.025204342,-0.018770367,0.03732636,-0.11168816
2019-06-13,-0.04160341,-0.026145265,-0.0029492876,0.052335676,-0.15924238
2019-06-14,-0.0016652104,-0.02198938,-0.0049956604,0.05242575,-0.15676463
2019-06-17,-0.0042306464,-0.02849089,-0.029477073,0.05355123,-0.19317861
2019-06-18,-0.0010365918,-0.01989407,-0.027137315,0.054648343,-0.21373586
2019-06-19,0.03135381,-0.0061651883,-0.025183404,0.05476894,-0.20256056
2019-06-20,0.02669491,-0.013488296,-0.026690468,0.038768295,-0.18839464
2019-06-21,-0.012595741,-0.031318095,-0.027627489,0.0546876,-0.18080662
2019-06-24,-0.02483089,-0.046960097,-0.011963434,0.053394128,-0.2092143
2019-06-25,-0.09350872,-0.051608227,0.0057086037,0.061646666,-0.2502448
2019-06-26,-0.07096901,-0.057789106,0.021769347,0.05407097,-0.27108616
2019-06-27,-0.044817418,-0.064297505,0.030746372,0.060107496,-0.2768718
2019-06-28,-0.06227112,-0.054706182,0.009984715,0.06025425,-0.32648048
2019-07-01,-0.08233269,-0.05006485,0.0128927445,0.058454458,-0.37991354
2019-07-02,-0.04662682,-0.0128553845,-0.0007480307,0.07120891,-0.41258037
2019-07-03,-0.07408276,-0.006178145,0.014997856,0.06308335,-0.3414505
2019-07-05,-0.01290611,0.015495215,0.011769139,0.08243443,-0.38083118
2019-07-08,0.03793569,0.028989729,0.009188663,0.09765239,-0.31934306
2019-07-09,0.014899196,0.045324,0.002342641,0.08274928,-0.32880506
2019-07-10,-0.018879572,0.061278682,0.0013726051,0.10131267,-0.34415066
2019-07-11,-0.105088346,0.055997696,0.002127818,0.1294975,-0.38785928
2019-07-12,-0.082009636,0.05592491,0.0008676854,0.1157134,-0.39239562
2019-07-15,-0.07819223,0.06505463,0.00136833,0.12080909,-0.4432598
2019-07-16,-0.0521037,0.08051672,0.0028203044,0.12100135,-0.44912195
2019-07-17,-0.013691759,0.07733426,0.003243443,0.1179436,-0.39479235
2019-07-18,-0.056974404,0.072173454,0.0050318423,0.12441465,-0.3749859
2019-07-19,-0.06543709,0.07876281,0.0070259203,0.14148478,-0.29922333
2019-07-22,0.029483972,0.07400012,0.0047628223,0.1323638,-0.2689412
2019-07-23,0.0067584757,0.07619444,0.0076660165,0.13567838,-0.2883133
2019-07-24,0.02645222,0.07816861,0.0074266433,0.13061105,-0.32631463
2019-07-25,-0.013289241,0.088699825,0.006739107,0.12672196,-0.31491065
2019-07-26,-0.009550827,0.091454126,0.0053147348,0.13531499,-0.30838588
2019-07-29,-0.03389307,0.09615936,0.004790111,0.13072805,-0.33014524
2019-07-30,-0.041084364,0.09945216,0.005249695,0.1322191,-0.29499888
2019-07-31,-0.041141525,0.10909695,0.005201884,0.131677,-0.29293677
2019-08-01,-0.012360821,0.099203266,0.004828067,0.13465379,-0.30696186
2019-08-02,-0.013612516,0.14313383,0.007748415,0.13134469,-0.20072661
2019-08-05,0.0371117,0.098041035,0.009475578,0.11706354,-0.18721835
2019-08-06,0.026565427,0.07773233,0.01323454,0.113931805,-0.08906379
2019-08-07,0.014095863,0.051048886,0.019481117,0.069721,-0.0728795
2019-08-08,0.022256145,0.03836121,0.025155215,0.046785958,-0.09210594
2019-08-09,0.015683474,0.04015482,0.015609267,0.04675835,-0.093096174
2019-08-12,0.05981803,0.04581428,0.013730078,0.05686556,-0.10391175
2019-08-13,0.02798895,0.054024134,-0.0033977549,0.08879739,-0.089163035
2019-08-14,0.03507945,0.07397512,0.0031645433,0.09601802,-0.042266577
2019-08-15,0.06385454,0.046605814,0.0033536651,0.09378697,-0.070786856
2019-08-16,0.031265408,0.06068201,0.012733432,0.081020534,-0.08806065
2019-08-19,0.048869163,0.07075635,0.01620466,0.048253182,-0.07485081
2019-08-20,0.043787003,0.07569339,0.006557098,0.044962388,-0.039486017
2019-08-21,0.057184488,0.0546592,0.01669406,0.07052985,-0.13860723
2019-08-22,0.031672537,0.065988146,-0.0008321194,0.0734721,-0.04597384
2019-08-23,-0.013179848,0.047786098,-0.0039356793,0.088282436,-0.02797778
2019-08-26,-0.015913924,0.040183377,-0.01165237,0.0866687,-0.06777058
2019-08-27,0.004106881,0.05635975,0.0008327911,0.07375124,-0.0072722593
2019-08-28,0.016516438,0.04635055,-0.0053518876,0.09091771,-0.023584953
2019-08-29,0.024613643,0.0562441,-0.0017824307,0.0828163,-0.011689353
2019-08-30,0.06282286,0.062240895,-0.0017960559,0.066498816,0.028480783
2019-09-03,0.021843923,0.05993135,-0.0018330192,0.05464909,0.04037344
2019-09-04,0.020602508,0.074890874,-0.0033433926,0.05180625,0.028042078
2019-09-05,0.05677323,0.07017506,-0.0049447785,0.063372284,0.013189369
2019-09-06,0.012236046,0.0775095,-0.026115118,0.059344973,0.047295533
2019-09-09,0.033596784,0.08338376,-0.020325901,0.052681852,0.014316426
2019-09-10,0.021094022,0.06512738,-0.017824285,0.06548907,-0.0009664139
2019-09-11,0.0152911935,0.04457214,-0.002430581,0.06545395,-0.040581554
2019-09-12,-0.061090335,0.0136377625,0.0005530199,0.059567686,-0.047798008
2019-09-13,-0.08007729,0.03794576,0.0014281418,0.050005216,-0.021706104
2019-09-16,-0.054689765,0.060689505,0.008796418,0.04993924,0.015316532
2019-09-17,0.020478444,0.052923184,0.009457017,0.044178355,-0.031263016
2019-09-18,0.0029714908,0.030357022,-0.00023129946,-0.0115247555,-0.0823025
2019-09-19,0.053519815,0.014922377,0.000939296,-0.016749848,-0.034612045
2019-09-20,0.056103602,0.005705822,0.002020669,-0.036968015,-0.0021713814
2019-09-23,0.069585614,0.011634212,0.0023450004,-0.03992475,-0.015472612
2019-09-24,0.08077203,0.043111768,0.004809752,-0.034396518,-0.018793251
2019-09-25,0.041996136,0.028918687,0.0039815702,-0.028760973,-0.09878553
2019-09-26,0.08446402,0.0053592953,0.0053410013,-0.015742542,0.013128244
2019-09-27,0.04251182,-0.0071765077,0.0042038774,-0.014411753,-0.05266668
2019-09-30,0.043417886,-0.005160865,0.0050878883,-0.010774072,-0.049096376
2019-10-01,0.059950575,0.0032495814,0.0050381264,0.011282302,-0.017213017
2019-10-02,0.05495082,0.0013442296,0.0049003134,0.014420982,-0.011066339
2019-10-03,0.084564716,0.0017113495,0.0049620885,0.016355839,-0.023572981
2019-10-04,0.0652748,0.0035882252,-0.02174974,0.03369682,0.034187555
2019-10-07,0.059423707,-0.0021859077,-0.028965091,0.05614217,0.080882356
2019-10-08,0.04812491,-0.007111088,-0.0075625465,0.05999023,0.06756903
2019-10-09,0.015616046,-0.0112181045,-0.0027504792,0.050693717,0.034927595
2019-10-10,-0.029333843,0.0033343094,0.0053611062,0.058103684,0.025691524
2019-10-11,-0.09122226,0.015798863,0.0192684,0.06073943,-0.0063319122
2019-10-14,-0.13167553,0.036138717,0.0104147,0.06712741,-0.066815026
2019-10-15,-0.10678674,0.024719637,0.002170814,0.05029304,-0.102083944
2019-10-16,-0.12843508,0.039179888,0.0019617213,0.03838634,-0.08621626
2019-10-17,-0.08044782,0.034960393,0.00325108,0.040449094,-0.10238403
2019-10-18,-0.048076525,0.035422835,0.0038722306,0.04341564,-0.10031665
2019-10-21,0.0053145513,0.026600596,0.0059010983,0.04708755,-0.06642234
2019-10-22,-0.017423958,0.03405002,0.003503283,0.051294062,-0.05786521
2019-10-23,-0.005826298,0.02334806,0.0018094423,0.056702908,-0.059721332
2019-10-24,-0.05572018,0.037079815,0.0012274107,0.057634864,-0.04926468
2019-10-25,-0.06998037,0.038079057,0.0010727065,0.05045076,-0.050626658
2019-10-28,-0.10134454,0.04284383,0.0010292715,0.050084878,-0.037556596
2019-10-29,-0.09280898,0.0498817,0.0013901804,0.0554885,-0.02019285
2019-10-30,-0.08542809,0.05725308,0.0017146032,0.04961514,-0.0147833405
2019-10-31,-0.068334885,0.056975137,0.00043476242,0.054896537,-0.00071762037
2019-11-01,-0.038760364,0.059753034,0.00036501253,0.06436078,-0.002948857
2019-11-04,-0.028108943,0.06907838,0.00035115742,0.041519206,0.019957788
2019-11-05,0.010682652,0.06019064,0.0022263997,0.03046934,-0.07408979
2019-11-06,0.0067283995,0.044076946,0.0012324807,0.024384443,-0.10034938
2019-11-07,0.013248064,0.030555394,0.0011520456,0.021870483,-0.092105106
2019-11-08,-0.0143300835,0.00030882237,0.0017847024,0.03479506,-0.11245205
2019-11-11,0.004335003,-0.004013062,0.0012340546,0.033576556,-0.13014878
2019-11-12,0.013088437,0.0022490653,0.00078305346,0.03442764,-0.15415326
2019-11-13,0.0024068747,0.0054840106,-0.0008994064,0.045193683,-0.17204183
2019-11-14,0.009293351,0.005759943,-0.0020212329,0.055877525,-0.15055941
2019-11-15,-0.0069425656,-0.0013070968,-0.0035123748,0.052522257,-0.068402655
2019-11-18,-0.01578673,-0.016190082,-0.0029121218,0.053764928,-0.07957831
2019-11-19,-0.0005429592,-0.0052643945,-0.0027581146,0.042171475,-0.05346843
2019-11-20,-0.011251052,0.012451146,-0.0016537862,0.03753153,-0.054843538
2019-11-21,-0.009739753,0.006188515,-0.0019779007,0.04474138,-0.08127595
2019-11-22,-0.008570094,0.0065269596,0.00054681627,0.045682523,-0.10547886
2019-11-25,0.006664546,0.0041137743,0.00048389376,0.037504468,-0.09702518
2019-11-26,0.009811018,0.0017371769,-0.00043176083,0.033683766,-0.08310625
2019-11-27,0.012668161,-0.0027099443,-0.0016840816,0.029676698,-0.061356135
2019-11-29,0.002007218,0.0145837385,-2.4504989e-05,0.03945742,-0.0903401
2019-12-02,-0.007376373,0.004273716,0.0005000022,0.019807873,-0.01853884
2019-12-03,-0.009833736,0.010256331,0.002509976,0.012112021,-0.047009654
2019-12-04,0.0050818603,-0.023208592,0.00012348997,-0.0033018105,-0.057554565
2019-12-05,0.008510677,-0.015221916,0.0012873729,-0.017424686,-0.112626135
2019-12-06,0.009851484,-0.008058131,0.001897991,-0.02929673,-0.12932758
2019-12-09,0.009252965,0.0052675284,0.0011884717,-0.02054669,-0.1312249
2019-12-10,0.011390684,0.00883596,0.00086551975,-0.012918053,-0.13685767
2019-12-11,0.016587326,-0.014398921,0.0009201935,0.016893398,-0.1517008
2019-12-12,0.018895766,-0.009119233,0.00055104727,0.012332927,-0.10179921
2019-12-13,0.0031443946,0.0027307426,0.00057432137,0.017290004,-0.15873495
2019-12-16,0.01842636,0.017064242,0.0010917463,0.017260663,-0.0906399
2019-12-17,0.0060215387,0.019492894,-0.00018710329,0.022986133,-0.14811476
2019-12-18,0.010985246,0.0371006,0.0011026534,0.021263234,-0.12394179
2019-12-19,0.013287308,0.045555823,0.0010741336,0.02803279,-0.11445256
2019-12-20,0.016243258,0.062881574,-0.00012881172,0.03176116,-0.11878594
2019-12-23,0.013902841,0.04708826,-0.0009532629,0.035003603,-0.10602745
2019-12-24,0.014284821,0.0352772,-0.0014889961,0.032142937,-0.12775864
2019-12-26,0.008792104,0.015608372,-0.0017912,0.035145644,-0.12696706
2019-12-27,0.0046943855,0.0013591642,-0.002568471,0.03773625,-0.13256228
2019-12-30,0.0015406664,-0.0021449518,-0.0015750683,0.03222863,-0.10145003
2019-12-31,0.003100736,0.002175163,-0.0016455784,0.027971718,-0.10161512
2020-01-02,0.0078108553,0.005058659,-0.0011481204,0.024926148,-0.10244795
2020-01-03,0.010383604,0.00052845525,-0.004796389,0.029868837,-0.066236936
2020-01-06,0.010270419,0.0036167516,-0.0051123113,0.02080949,-0.08450968
2020-01-07,0.0146676805,0.015347255,-0.0031810154,0.014494952,-0.13468133
2020-01-08,0.013768787,0.013042333,-0.0018778107,0.004965868,-0.11345347
2020-01-09,0.019671509,0.02043464,-0.00091224525,-0.0038736947,-0.070452325
2020-01-10,0.022525245,0.0037162448,-0.0015195954,-0.021151002,-0.050984256
2020-01-13,0.006859675,0.006129164,-0.0014914459,-0.012697037,-0.08386951
2020-01-14,0.0014573466,-0.0007118252,-0.0016469477,-0.021596987,-0.09567272
2020-01-15,0.0029676687,-0.001001705,-0.00024296463,-0.014277052,-0.10027643
2020-01-16,0.0007734392,0.007526561,-0.0010541527,-0.0022262074,-0.08775111
2020-01-17,0.006810479,0.010612557,-0.00023559263,-0.0035441965,-0.107677944
2020-01-21,0.0074242875,0.0046913507,0.0007409224,-0.0023637787,-0.07608578
2020-01-22,0.01576353,0.019127477,-0.0006052869,0.01177058,-0.04662513
2020-01-23,0.013487777,0.028058665,-0.0043802424,0.010819793,-0.033869334
2020-01-24,0.018130163,0.026261665,-0.0061631617,0.01160441,-0.030656718
2020-01-27,0.018338041,0.03598427,-0.0101166405,0.016176328,-0.038267307
2020-01-28,0.027089411,0.033941727,-0.012633224,-0.0072152317,-0.018239759
2020-01-29,0.008140804,0.028784268,-0.016938189,-0.0037043653,-0.0011210805
2020-01-30,0.01123541,0.025953414,-0.01672122,-0.012747761,0.043826036
2020-01-31,-0.0013496988,0.021401754,-0.020695379,-0.018518038,0.06807489
2020-02-03,-0.00012330152,0.013462968,-0.02002449,-0.031515557,0.0961196
2020-02-04,0.008477395,0.028297525,-0.02387972,-0.050082248,0.087859295
2020-02-05,0.019178407,0.025515523,-0.026403736,-0.056051318,0.11702686
2020-02-06,0.0103375465,0.01371385,-0.020827759,-0.04896422,0.08326017
2020-02-07,-0.008921782,0.01512935,-0.01465333,-0.047249645,0.055692904
2020-02-10,-0.036753874,0.01034585,-0.006381996,-0.05150225,0.034904722
2020-02-11,-0.07685366,-0.0050747455,-0.0028944595,-0.061458588,0.007117615
2020-02-12,-0.077349864,0.0006688922,-0.007839642,-0.07058002,0.01110118
2020-02-13,-0.08270525,0.003741102,-0.0072747036,-0.06473483,0.0074772844
2020-02-14,-0.0872176,-0.008133583,-0.0066164774,-0.052762557,0.009028696
2020-02-18,-0.087079465,-0.009457037,-0.0049433815,-0.041934893,-0.007260925
2020-02-19,-0.08915301,-0.019359177,-0.0042830426,-0.030818578,-0.00043766107
2020-02-20,-0.08476084,-0.016005399,-0.004647635,-0.023557236,0.027475104
2020-02-21,-0.06257055,-0.0057919375,-0.0017243299,-0.012184136,0.026656039
2020-02-24,-0.023084134,-0.016939038,0.009909338,-0.004449401,0.049735732
2020-02-25,-0.013475994,-0.005690374,0.02986562,0.01820879,0.06171178
2020-02-26,0.021012275,0.012747249,0.030606193,0.028589446,0.03870427
2020-02-27,0.031664908,0.0029808492,0.026907079,0.041517373,0.09350283
2020-02-28,0.0891681,-0.013263419,0.043005407,0.05710214,0.09832706
2020-03-02,0.06559445,0.029271126,0.04549844,0.02578111,0.03298875
2020-03-03,0.07728892,-0.039865024,0.04825374,0.02881803,0.056825854
2020-03-04,0.042685263,-0.013276774,0.061563537,-0.006145168,0.150672
2020-03-05,0.11370173,0.003782879,0.08463603,-0.0076534413,0.10498328
2020-03-06,0.07876086,0.024626393,0.10233358,0.052157383,0.09056351
2020-03-09,0.13807161,0.03850993,0.054799013,0.061004873,0.08644623
2020-03-10,0.08032882,0.0072691995,0.058748975,0.049040265,0.11538697
2020-03-11,0.020759152,-0.08937068,0.057020616,-0.04221458,0.13293332
2020-03-12,0.106221095,-0.07876084,0.08466368,0.03540022,0.022478975
2020-03-13,0.18394174,-0.103068165,0.042597733,0.0013180301,-0.13113143
2020-03-16,-0.02919553,-0.006429006,-0.008077369,0.026036628,-0.108768485
2020-03-17,0.0412748,-0.04215977,0.047333978,0.026710823,-0.1650483
2020-03-18,-0.051094458,0.05606464,0.022836505,-0.0051626433,-0.1512702
2020-03-19,-0.03583756,-0.0071539474,0.032361403,-0.0055049937,-0.14510864
2020-03-20,-0.018411083,0.057194073,0.03082587,0.016602952,-0.06557567
2020-03-23,-0.041404933,0.13564412,0.03757673,0.024931066,0.076157406
2020-03-24,-0.019457115,0.188697,0.018815933,0.010967601,0.20042358
2020-03-25,-0.033878073,0.17661376,-0.01209833,-0.06302723,0.19451423
2020-03-26,-0.07418667,0.14193358,0.035336405,-0.0869773,0.275756
2020-03-27,-0.06942813,0.068443455,0.019005315,-0.088411584,0.19655398
2020-03-30,-0.056983247,0.0068996283,0.0076328204,-0.07450393,0.27655405
2020-03-31,-0.039450333,-0.010281812,-0.0068798005,-0.060742237,0.084230915
2020-04-01,-0.0108929705,-0.02959454,0.011026344,-0.03585134,0.16871
2020-04-02,-0.0375109,-0.019163009,0.034295898,-0.0062821154,0.15037365
2020-04-03,-0.016116096,0.013559591,0.019004053,0.0064361356,0.12630375
2020-04-06,0.01123202,-0.004098185,0.021930106,0.023224782,0.1221176
2020-04-07,-0.0067459326,0.05134202,0.025348743,0.029182415,0.06921785
2020-04-08,0.025349217,0.015928071,0.05135278,0.034250733,0.072452
2020-04-09,0.006840335,0.017457422,0.027331458,0.027740475,0.009083063
2020-04-13,-0.0075760987,0.019326951,0.01757643,0.019776052,-0.01450546
2020-04-14,-0.019832594,0.009586196,0.010101444,0.012147497,-0.035891086
2020-04-15,-0.040072262,-0.016702835,0.0059654084,0.003930118,-0.016796991
2020-04-16,-0.045064315,-0.023904968,-0.0009943334,-0.0046181944,-0.03184928
2020-04-17,-0.009785237,-0.027893249,0.0020377026,-0.005233785,0.008781337
2020-04-20,-0.010949079,-0.04333405,0.004883331,-0.019160857,-0.057974547
2020-04-21,-0.02623027,-0.05190325,0.012643627,-0.01869103,-0.07084144
2020-04-22,-0.051899023,-0.09383955,0.017847072,-0.0015312703,-0.08841481
2020-04-23,-0.05753597,-0.031358242,0.032971546,0.0012542736,-0.014274889
2020-04-24,-0.06704529,-0.05248417,0.009243653,0.007645292,0.03183769
2020-04-27,-0.10041653,-0.06669885,0.01566071,0.013198044,0.032137208
2020-04-28,-0.101535596,-0.06487233,0.009107037,0.015109252,0.02895651
2020-04-29,-0.11039391,-0.07594435,-0.010438257,0.010454465,0.007864439
2020-04-30,-0.058073208,-0.059177827,0.02061777,0.00984868,0.030212685
2020-05-01,-0.03354118,-0.041001394,-0.015581773,0.025627658,-0.02633636
2020-05-04,-0.025400734,-0.03463404,0.00065110496,0.007881397,-0.06936379
2020-05-05,-0.016140284,-0.03483856,0.009652968,0.0062545678,-0.0785338
2020-05-06,-0.018455869,-0.04075253,0.0010637814,0.005312845,-0.08801424
2020-05-07,-0.033453017,-0.020966446,-0.004585692,0.01737041,-0.17690326
2020-05-08,-0.061013572,-0.0326664,0.009967576,-0.007914639,-0.076740295
2020-05-11,-0.06948445,-0.027059235,-0.03425882,0.0026260177,-0.055477668
2020-05-12,-0.080655806,-0.020150848,-0.02446415,0.004842775,-0.061341897
2020-05-13,-0.056995668,-0.015158925,-0.03417631,0.011935664,0.00044937152
2020-05-14,-0.067517035,-0.004669324,-0.027206833,0.009758459,0.068415664
2020-05-15,-0.056640312,-0.010689367,-0.020248964,0.014670569,0.034598015
2020-05-18,-0.05201129,-0.014282763,-0.024589771,0.02255015,0.03986031
2020-05-19,-0.012586197,-0.009866074,-0.00394093,0.007684037,-0.01768339
2020-05-20,-0.04462321,-0.023952015,-0.034656003,0.014116071,-0.018688112
2020-05-21,0.031826578,-0.026460517,-0.027799202,0.0016334252,-0.056948684
2020-05-22,0.0043332744,-0.043624755,-0.029163832,0.006814178,-0.07759797
2020-05-26,0.0027567763,-0.04215253,-0.020861175,0.008549059,-0.040820338
2020-05-27,0.027823998,-0.027174871,-0.012714629,0.005510578,-0.03597237
2020-05-28,0.030622723,-0.010393441,-0.0024590616,0.0067869797,-0.020270381
2020-05-29,0.028282417,-0.0063227755,-0.014972482,0.00040307827,-0.041476823
2020-06-01,0.031186366,0.0009835544,-0.012988777,-0.007182303,-0.04724676
2020-06-02,0.0139465425,-0.008869499,-0.014888999,-0.0011283122,-0.050244953
2020-06-03,0.03288234,-0.029976737,-0.0034542165,-0.0022543184,-0.019618489
2020-06-04,0.052165084,-0.05653054,0.013267675,0.00083034486,-0.043254234
2020-06-05,0.019800717,-0.07884807,0.0067218523,-0.019413391,-0.032195665
2020-06-08,0.08989295,-0.043888014,0.010913395,-0.018784702,-0.0696041
2020-06-09,0.042350248,-0.040543493,0.015335853,0.011907961,-0.06167592
2020-06-10,0.015413532,-0.077428155,0.012370066,0.012048267,-0.046247713
2020-06-11,-0.028291414,-0.069324136,0.009892805,-7.3011965e-05,0.014289373
2020-06-12,-0.03977444,-0.0057115075,0.0026871534,0.09221317,0.048261732
2020-06-15,-0.07207977,-0.011072148,0.007629773,0.055173505,0.045329735
2020-06-16,-0.10683827,0.019244432,0.006424174,0.07026869,0.034636676
2020-06-17,-0.12473561,0.019908056,0.0065094186,0.09681398,0.050585784
2020-06-18,-0.0737605,0.025507528,0.0065757483,0.144794,0.049530514
2020-06-19,-0.015977757,-0.012052491,0.006444959,0.11995426,0.027846664
2020-06-22,-0.07628025,-0.028513294,0.006210742,0.14329843,0.013190062
2020-06-23,-0.08097772,-0.028448682,0.005381107,0.16309889,0.0068333754
2020-06-24,-0.03117506,-0.040575795,0.004913489,0.18654832,0.014688083
2020-06-25,-0.04682322,-0.055634048,0.0029676964,0.16981605,0.045440998
2020-06-26,-0.038214713,-0.048897784,0.0021762755,0.12343447,0.03938274
2020-06-29,-0.03647265,-0.062228937,0.0018417971,0.11242595,0.035527013
2020-06-30,-0.025560314,-0.023337325,0.0034787613,0.100691006,0.04653683
2020-07-01,-0.007693706,-0.031159725,0.0018740116,0.10081589,0.011107163
2020-07-02,-0.021153053,-0.02888989,-0.0026512397,0.12921403,0.02892192
2020-07-06,-0.02354393,-0.027843706,0.0029584127,0.10856418,0.003561438
2020-07-07,-0.0403886,-0.027681645,-0.01538983,0.09589873,0.039318793
2020-07-08,-0.06766029,-0.03650586,0.0019515549,0.06845957,0.006568388
2020-07-09,-0.063481234,-0.043905307,-0.0025991448,0.054124717,0.019674283
2020-07-10,-0.06372711,-0.045757283,0.0049595684,0.04602675,-0.008930071
2020-07-13,-0.06978278,-0.05120301,0.0053333216,0.0490758,0.021805916
2020-07-14,-0.044664122,-0.07105946,0.0023940173,0.07852064,0.0032313308
2020-07-15,-0.044631705,-0.076185696,0.008146847,0.0934816,0.029573109
2020-07-16,-0.031843923,-0.058017943,0.0084966915,0.10593189,0.033199906
2020-07-17,-0.02455181,-0.053641003,0.008298983,0.097841024,-0.046053857
2020-07-20,-0.010035959,-0.053066842,0.009270967,0.100235745,-0.01313543
2020-07-21,-0.010138376,-0.049127802,0.009097909,0.094834894,-0.031104226
2020-07-22,-0.013866546,-0.019533224,0.009208531,0.08041909,-0.07484824
2020-07-23,-0.019414907,-0.028254997,0.0076405075,0.043530013,-0.083408125
2020-07-24,-0.010668328,-0.0215947,0.007830681,0.035486598,-0.07599744
2020-07-27,-0.005800941,0.005832683,0.007678405,-0.0011949576,-0.058743082
2020-07-28,-0.0011301655,0.010592684,0.0071272408,-0.0013434812,-0.044967394
2020-07-29,0.0151038375,0.018555813,0.006809998,0.011995442,-0.02284684
2020-07-30,0.01835393,0.022877555,0.006130594,0.0134219825,-0.010686318
2020-07-31,-0.00082352944,0.020745706,0.0047798357,0.014285542,0.031202283
2020-08-03,0.014366986,0.01686449,0.0042261723,0.010016851,0.026338764
2020-08-04,0.0067400467,0.018363386,0.003676822,0.0048881397,0.03932332
2020-08-05,-0.004409183,-0.0056122136,0.003665939,0.0045928396,0.04596992
2020-08-06,0.00457184,0.0116296075,0.0030518132,-0.006129671,0.050065115
2020-08-07,-0.011921365,0.0024061943,0.0036551342,0.0006917957,0.06056445
2020-08-10,-0.036424838,0.026740005,0.0016316465,-0.00878026,0.041664943
2020-08-11,-0.037433438,0.029948149,0.0016121893,-0.011079479,0.024419025
2020-08-12,-0.014550647,0.024480958,0.0008557822,0.010312017,-0.016267389
2020-08-13,0.047481567,-0.0022985418,0.0013873875,0.002609443,-0.044632524
2020-08-14,0.07683961,-0.010485642,0.0004757221,-0.023630977,-0.07890738
2020-08-17,0.08761961,-0.020891543,-0.00036066622,-0.024945572,-0.098353475
2020-08-18,0.07708855,0.00980315,-0.00051545596,-0.026404034,-0.079464324
2020-08-19,0.06471807,-0.018369246,0.00025108558,-0.03658122,-0.09068805
2020-08-20,0.07680326,-0.0196599,0.00053925347,-0.032932,-0.09933576
2020-08-21,0.05943708,-0.051632784,0.00058494834,-0.02648111,-0.097423784
2020-08-24,0.058041923,-0.056925002,0.000941806,-0.03503079,-0.07772244
2020-08-25,0.054093868,-0.05795187,0.00070100697,-0.028387934,-0.04204224
2020-08-26,0.04871805,-0.046792485,0.00083676586,-0.018222313,-0.0044162786
2020-08-27,0.02042004,-0.0280299,0.0011457071,-0.018062104,0.021700613
2020-08-28,0.018877735,-0.023741473,0.001591585,-0.014842395,0.006478044
2020-08-31,0.00087557547,-3.568316e-05,0.00045197838,-0.0105337165,0.010239045
2020-09-01,-0.005924564,-0.014028624,0.00023972578,-0.018169902,0.024240203
2020-09-02,-0.0037519978,-0.0141835585,0.00018112824,-0.017846666,0.04117912
2020-09-03,-0.014754355,-0.018204331,-0.00017663624,-0.01904316,0.014120144
2020-09-04,0.014024125,-0.07961703,0.0037152376,-0.028308196,-0.027745962
2020-09-08,0.012566039,-0.04641526,0.0041326233,-0.023449162,0.06650705
2020-09-09,0.028110353,-0.024090596,0.0058029224,-0.04623088,0.09958605
2020-09-10,0.02265074,0.04990826,0.006076757,0.008229556,0.17062135
2020-09-11,0.008536525,0.030300777,0.007820654,-0.021332618,0.18934281
2020-09-14,0.004233461,0.04895411,0.0076515046,-0.019696996,0.22953042
2020-09-15,-0.028255029,0.04640023,0.0046244212,-0.01720059,0.21795139
2020-09-16,-0.014588221,-0.0032341373,0.005378169,-0.015402024,0.16618435
2020-09-17,-0.0025459332,-0.01700306,0.0046801683,-0.020525584,0.15338734
2020-09-18,0.03389124,-0.052156996,0.0038743517,-0.011209436,0.120653994
2020-09-21,0.022498364,-0.08261343,0.003313779,-0.012431005,0.1072581
2020-09-22,0.018072793,-0.10155889,-0.0017711342,0.018779514,0.13589361
2020-09-23,0.054444797,-0.09004911,-0.0016868036,0.05691581,0.17524229
2020-09-24,0.06997037,-0.10926239,-0.0048949756,0.045818996,0.16895224
2020-09-25,0.08718458,-0.11907438,-0.003973568,0.06670812,0.16505672
2020-09-28,0.094647974,-0.09337985,0.00030600754,0.083964676,0.15753762
2020-09-29,0.10352044,-0.07201388,0.005034957,0.073695764,0.1323789
2020-09-30,0.100817494,-0.09845787,0.0024913151,0.06196728,0.11188807
2020-10-01,0.09881434,-0.06815802,0.0062647634,0.061296653,0.14844161
2020-10-02,0.08804134,-0.092447385,0.0035772412,0.06840587,0.12990756
2020-10-05,0.09630379,-0.1332283,0.00036638379,0.0586983,0.14180094
2020-10-06,0.075793274,-0.061285827,0.005800486,0.03250817,0.18270342
2020-10-07,0.027073136,-0.029695936,0.0050825267,0.027479846,0.16308962
2020-10-08,0.041314617,-0.03702938,0.0040128636,0.035031263,0.20023586
2020-10-09,0.04383883,-0.024783097,0.003621263,0.029059596,0.22964536
2020-10-12,0.031019384,-0.040160563,0.0045952653,0.02370933,0.18472642
2020-10-13,0.022260195,-0.063011356,0.004717088,0.029069994,0.12934229
2020-10-14,0.026164161,-0.0136128925,0.0047566793,0.0341416,0.15187977
2020-10-15,0.029368306,-0.019842152,0.0044389307,0.028580487,0.103843294
2020-10-16,0.0361107,-0.03612621,0.0039299275,0.016311957,0.05868864
2020-10-19,0.036802486,-0.04618879,0.0034571192,0.0082463175,0.07955005
2020-10-20,0.046494648,-0.058492545,0.003428237,-0.0037935497,0.04952557
2020-10-21,0.0266188,-0.077241026,0.0032130056,-0.006757426,0.11117018
2020-10-22,0.02390919,-0.111173354,0.0028966973,-0.0122907,0.08294662
2020-10-23,0.018636124,-0.06389458,0.0039046067,0.0026398813,0.11985985
2020-10-26,0.02054474,-0.079656936,0.0023166481,-0.0014231764,0.0842937
2020-10-27,0.019800687,-0.0764979,0.0024792033,-0.006008225,0.058135204
2020-10-28,0.018342694,-0.056567196,0.0032969557,0.0034638736,0.12291179
2020-10-29,0.02744344,-0.047118504,-0.000109238,0.016059844,0.06703781
2020-10-30,0.03965181,-0.003951142,-0.004609445,0.011077641,0.15678082
2020-11-02,0.046587117,-0.009447729,-0.005719453,0.030963216,0.19728638
2020-11-03,0.036153257,0.0071603036,-0.0026671868,0.03396516,0.22445339
2020-11-04,0.032829896,-0.0019563404,0.0011161306,0.034497578,0.2590559
2020-11-05,0.015302861,0.018535528,0.004107448,0.029188346,0.15734719
2020-11-06,0.020884043,0.012061212,0.0045406544,0.031219624,0.03404502
2020-11-09,0.018244183,-0.014572181,0.006155074,0.02957907,0.029136289
2020-11-10,-0.017197859,0.019628284,0.004717702,0.018347565,0.06420574
2020-11-11,-0.011290889,-0.016969467,0.0036046328,0.027855195,0.0984822
2020-11-12,0.0037370715,-0.014175054,0.0026889383,0.036363315,0.124915205
2020-11-13,0.012476413,-0.04346495,0.003104641,0.027318586,0.1037795
2020-11-16,0.01897162,-0.012940768,0.0035149655,0.021402992,0.08524017
2020-11-17,0.033994935,-0.013305351,0.0050955554,0.023545306,0.1397719
2020-11-18,0.031902142,-0.04136252,0.005728927,0.012539262,0.13968454
2020-11-19,0.018289955,-0.081439845,0.007121919,0.0030391477,0.13019668
2020-11-20,0.025001945,-0.100380674,0.006915835,0.0065791644,0.11261936
2020-11-23,0.019827558,-0.13716115,0.006659534,0.0027118064,0.11403666
2020-11-24,0.012140797,-0.14934064,0.0040131668,-0.0019493736,0.07680596
2020-11-25,0.009675963,-0.1349328,0.005820816,0.033603873,0.07439465
2020-11-27,0.028226549,-0.14644323,0.005628332,0.059198853,0.054232724
2020-11-30,0.020950606,-0.14102219,0.005279255,0.05102681,-0.0028607575
2020-12-01,0.0071061067,-0.14315577,0.006355839,0.0568367,-0.04194784
2020-12-02,-0.0029771365,-0.10933516,0.0039975033,0.008106824,-0.0033999262
2020-12-03,-0.010754684,-0.12903914,0.0009815512,0.012501515,0.0029435093
2020-12-04,-0.0067851916,-0.1298754,-4.0146115e-06,0.004273162,0.008483098
2020-12-07,-0.0020044576,-0.10377507,-0.002159772,0.01336512,0.022564635
2020-12-08,-0.005613681,-0.090731,-0.0022678874,0.025776926,0.049955286
2020-12-09,-0.0031415168,-0.102785766,-0.0030391363,0.024647545,0.0022855857
2020-12-10,0.0017460827,-0.10903156,-0.0030956403,0.013555067,-0.044280447
2020-12-11,0.0050411467,-0.109497815,-0.0030334583,0.0050476715,-0.057365406
2020-12-14,-0.00040143728,-0.07982843,-0.001582509,-0.0006377194,-0.054664254
2020-12-15,0.008558078,-0.05631085,-0.0021382042,-0.0056682257,-0.04284174
2020-12-16,0.00016084313,-0.046283003,-0.0020012697,-0.005693985,-0.015005091
2020-12-17,0.0021572672,-0.041621696,-0.0016109507,-0.004788612,-0.013506419
2020-12-18,0.0012720097,-0.042390358,-0.0015026758,-0.004900164,-0.001427602
2020-12-21,0.007835697,-0.050285183,-0.001332883,-0.013577422,-0.008766261
2020-12-22,-0.0015920158,-0.06943412,-0.002049255,-0.012727093,-0.022251017
2020-12-23,-0.001227567,-0.07255709,-0.0020547165,-0.017155742,-0.01950036
2020-12-24,0.007589178,-0.035676084,-0.0006134849,-0.019008547,-0.004361242
2020-12-28,0.015809106,-0.02392812,-0.0008327755,-0.0122237,-0.02491289
2020-12-29,0.011261588,-0.0121876,-0.0008978456,-0.017207861,-0.018952802
2020-12-30,0.018226365,-0.0028810133,0.00012022964,-0.017904218,-0.026052069
2020-12-31,0.023499696,-0.004859124,5.9950835e-05,-0.015860952,-0.020346362
2021-01-04,0.026536008,-0.0051053916,-0.0006792933,-0.015337823,-0.00824936
2021-01-05,0.018619953,-8.759694e-05,0.00078362285,-0.010519691,0.02400776
2021-01-06,0.03501022,0.0042900234,0.0011597811,-0.019959759,-0.008438162
2021-01-07,0.01739235,0.017111659,0.0022104364,-0.02769583,-0.050542753
2021-01-08,0.026509257,-0.015286062,0.0011377035,-0.02338982,-0.06710334
2021-01-11,0.02308268,0.004577923,0.000725296,-0.020653881,-0.04485908
2021-01-12,0.029777104,-0.0010130373,0.0014880862,-0.018359087,-0.08683688
2021-01-13,0.037108757,-0.025790174,0.0013623083,-0.018944837,-0.05552683
2021-01-14,0.039858416,-0.05127887,0.00058891415,-0.020333717,-0.0056115305
2021-01-15,0.0492391,-0.033423036,9.226156e-05,-0.03329389,-0.05058212
2021-01-19,0.054512493,-0.05150224,-0.00038250387,-0.030870605,-0.032388836
2021-01-20,0.033260576,-0.05839737,-0.00026147676,-0.019224219,-0.05015565
2021-01-21,0.023507597,-0.061630968,-0.00028556984,-0.019171868,-0.0486549
2021-01-22,0.026048956,-0.061987426,3.2833865e-05,-0.022570994,-0.06746898
2021-01-25,0.026301512,-0.069639765,-0.00079151324,-0.018016176,-0.055162057
2021-01-26,0.008134155,-0.08014362,-0.0011849911,-0.011230914,-0.046195917
2021-01-27,0.0049259476,-0.07034937,-0.0012960038,-0.018468535,-0.035813883
2021-01-28,0.013336534,-0.08303741,-0.00029059537,-0.019123305,-0.04546939
2021-01-29,0.007694112,-0.08704234,-0.0012525533,-0.019765131,-0.009931236
2021-02-01,0.01009598,-0.09819791,5.1929237e-05,-0.032035977,-0.030429296
2021-02-02,0.018276105,-0.12736727,-0.0025597767,-0.016646463,0.0111289
2021-02-03,0.017401045,-0.11238494,-0.0027786978,-0.018745204,0.028090958
2021-02-04,0.010399086,-0.0945148,-0.0018312343,-0.01852109,0.0053885737
2021-02-05,0.0019226801,-0.07229148,-0.0025370903,-0.011108856,-0.053528868
2021-02-08,-0.0030303216,-0.044016693,0.00012672934,-0.0029173172,-0.068131395
2021-02-09,0.0040958654,-0.048627827,-0.0012121153,0.0054207137,-0.055822693
2021-02-10,0.0058989916,-0.06924259,-0.0025524402,0.0028717276,-0.095356025
2021-02-11,0.002995802,-0.072041325,-0.0031750095,-0.005002858,-0.07514585
2021-02-12,-0.0033316053,-0.05539986,-0.0039169686,-0.019815814,-0.07524665
2021-02-16,0.0021806862,-0.013144109,-0.0027894606,-0.026322268,-0.09011363
2021-02-17,0.0075746384,0.0043818536,-0.002602601,-0.030555174,-0.14963067
2021-02-18,0.012752637,0.010448713,-0.00408303,-0.025333457,-0.15316342
2021-02-19,0.011872942,0.010097243,-0.0034452805,-0.022895802,-0.15463932
2021-02-22,0.0069191754,0.0134207085,-0.0035332507,-0.021070888,-0.14425366
2021-02-23,0.020033391,-0.013941046,-0.003563861,-0.013097863,-0.14435168
2021-02-24,0.019302117,-0.007262264,-0.0045178933,-0.020902872,-0.12971973
2021-02-25,0.024174003,-0.013765961,-0.0040694945,-0.01856598,-0.041534714
2021-02-26,0.016815225,-0.0077465666,-0.0024699583,-0.016912945,-0.052892886
2021-03-01,0.011045007,-0.048651267,-0.005785779,-0.02090491,-0.13116693
2021-03-02,-0.017453447,0.011492927,-0.0036530986,-0.022487927,-0.035316072
2021-03-03,0.0066466704,-0.010112923,-0.0028058374,-0.01438144,-0.030662559
2021-03-04,0.0075606126,0.012991227,-0.0026006168,-0.0114328265,0.0166694
2021-03-05,0.012182904,0.0018040645,-0.0007108849,-0.0014353562,0.09919328
2021-03-08,0.0049057733,-0.017593313,-0.0008694887,0.017589355,0.16309509
2021-03-09,0.0052733626,-0.014929973,-0.001450146,0.017949954,0.18548334
2021-03-10,-0.0020357054,-0.02910142,-0.0031120798,0.026918225,0.17259215
2021-03-11,-0.0045720786,-0.025512256,-0.002146537,0.029047683,0.22869654
2021-03-12,-0.0152922105,-0.0032171425,-0.0014626626,0.03224199,0.24725316
2021-03-15,-0.02769765,-0.02450442,-0.0027787718,0.023092225,0.19771518
2021-03-16,-0.02494062,-0.0022552055,-0.0034422642,0.031899866,0.18522221
2021-03-17,-0.020466337,0.006351288,-0.0020971708,0.029461313,0.17608409
2021-03-18,-0.023364129,-0.018753048,-0.0015637518,0.030658882,0.15464444
2021-03-19,0.025191614,0.019086171,0.0011438689,0.009576008,0.119930126
2021-03-22,0.017541269,-0.004720856,0.0011165452,0.0018379372,0.15701936
2021-03-23,0.003206661,-0.0031822664,-0.00019632446,0.0034700949,0.1758183
2021-03-24,0.032627285,0.01278067,0.00094161474,0.016496561,0.13819365
2021-03-25,0.04193049,-0.030285653,0.0026727042,0.014694769,0.14285602
2021-03-26,0.04844436,-0.017238036,0.0035930295,0.01939883,0.09126816
2021-03-29,0.037665896,-0.020254862,0.006078161,0.0010124221,0.094712816
2021-03-30,0.058337808,-0.006651592,0.0070250686,-0.010995604,0.1186957
2021-03-31,0.04281944,-0.003091049,0.0061328406,0.003134179,0.07365106
2021-04-01,-0.00818959,0.0032319273,0.006733004,0.005063909,0.037508808
2021-04-05,-0.013189815,-0.02816115,0.0049367114,-0.0017630369,0.078775294
2021-04-06,-0.007420892,-0.0027295616,0.0049567907,-0.0019281507,-0.058191285
2021-04-07,-0.00405412,-0.0068179225,0.0060194447,-0.0020379312,-0.042374946
2021-04-08,-0.013950019,0.0074567827,0.007329605,-0.002576136,-0.065826125
2021-04-09,-0.013105828,0.010094035,0.0070694597,0.0024777139,-0.033692613
2021-04-12,-0.008513404,0.015103694,0.0059924903,0.012233604,-0.06914825
2021-04-13,-0.00643711,0.0065222788,0.0046974467,0.0022680815,-0.08344897
2021-04-14,0.00217003,0.005882464,0.004195584,0.0019042399,-0.106350355
2021-04-15,-0.0044827824,-0.00684917,0.0054757604,0.0028320644,-0.1054266
2021-04-16,0.011111688,0.0007393132,0.0039735693,0.010290105,-0.12586945
2021-04-19,0.006337993,0.007135292,0.003855255,-0.009787367,-0.09091284
2021-04-20,0.0050250534,0.02100363,0.003707482,-0.017205894,-0.049743734
2021-04-21,0.009135688,0.026797313,0.0036919615,-0.01993517,-0.03845126
2021-04-22,0.017149458,0.03598493,0.003432133,-0.028275294,-0.049906857
2021-04-23,0.012204116,-0.0006529852,0.003970389,-0.022174574,-0.07171836
2021-04-26,0.009950852,-0.008566525,0.0031340574,-0.015503027,-0.09807328
2021-04-27,0.011101874,-0.0011727582,0.0027971205,-0.01846349,-0.085469835
2021-04-28,0.009269891,-0.0036510131,0.0036117756,-0.021178823,-0.04880228
2021-04-29,0.011575373,-0.0033862446,0.002468811,-0.020636156,-0.01844766
2021-04-30,0.010867953,-0.0027037435,0.0019985372,-0.012239577,0.007170328
2021-05-03,0.014372276,0.018458836,0.0014420972,-0.008271549,0.012898752
2021-05-04,0.01134252,0.00933921,0.0014943947,-0.005671246,0.0015347386
2021-05-05,0.011523541,-0.0141964,0.00045993258,-0.0016090646,0.0018399144
2021-05-06,0.0123770535,-0.013966091,3.3416844e-05,-0.007282503,0.04377932
2021-05-07,0.017090676,-0.017764993,0.00023397172,-0.010566741,0.03578172
2021-05-10,0.015503408,-0.026801646,0.00037958878,-0.026202206,0.063141696
2021-05-11,0.018602902,-0.02302368,0.0022980643,-0.03757499,0.06656865
2021-05-12,0.020931968,-0.023834288,0.0026689426,-0.035635963,0.065851755
2021-05-13,0.022195743,-0.02043914,0.0033949309,-0.030922966,0.07715996
2021-05-14,0.026218006,-0.028008472,0.0011658903,-0.035973504,0.042402036
2021-05-17,0.028966771,-0.048380136,0.00044873697,-0.028861811,0.022434302
2021-05-18,0.027519772,-0.054634422,0.0022462537,-0.032876927,0.03590355
2021-05-19,0.025193172,-0.04621136,0.003044081,-0.037401028,0.04644295
2021-05-20,0.03256005,-0.029646166,0.0034706374,-0.042666294,0.067280896
2021-05-21,0.024395036,-0.032701313,0.0011656717,-0.039308507,0.025373586
2021-05-24,0.018799668,-0.028289385,0.0028857505,-0.036291026,0.048948906
2021-05-25,0.014281312,-0.02284168,0.0014726886,-0.033114806,0.070870474
2021-05-26,0.012882635,-0.022113416,0.0013045183,-0.033081055,0.03568072
2021-05-27,0.009804061,-0.0368757,0.0017219261,-0.037143968,0.0020182738
2021-05-28,0.01059478,-0.04446755,0.0028972223,-0.044356085,-0.015681818
2021-06-01,0.014160952,-0.035492167,0.00338327,-0.050779905,-0.01514355
2021-06-02,0.01454485,-0.043152776,0.003922866,-0.051370602,0.00523916
2021-06-03,0.023298157,-0.042814717,0.003016129,-0.050035644,-0.022562392
2021-06-04,0.015603432,-0.044509877,0.002706944,-0.053859245,-0.019426934
2021-06-07,0.02781712,-0.03965093,0.00017218498,-0.048285432,-0.028364934
2021-06-08,0.0240004,-0.03691067,0.0010836386,-0.050575502,-0.025026895
2021-06-09,0.022595288,-0.049250126,0.0004691851,-0.04256651,-0.004007778
2021-06-10,0.016953139,-0.05075946,0.00012643085,-0.038259104,0.057818428
2021-06-11,0.022544293,-0.052906845,-0.0008659037,-0.036499843,0.08948038
2021-06-14,0.016830297,-0.04484203,0.00044439398,-0.033725616,0.11213977
2021-06-15,0.01608262,-0.03178125,0.00027408238,-0.033501998,0.11882878
2021-06-16,0.016999124,-0.032011572,6.671934e-05,-0.019669928,0.11661292
2021-06-17,0.014847485,-0.03288227,0.00042924992,-0.008032126,0.09976415
2021-06-18,0.0054938924,-0.034970902,-0.0019367734,0.006687274,0.092589654
2021-06-21,0.009819305,-0.026557937,-0.001527243,0.0073020905,0.124640785
2021-06-22,0.0031936336,0.0070674247,-0.0049443454,0.001257047,0.17559059
2021-06-23,0.008926561,-0.015474629,-0.0043456894,-0.0041101705,0.1932407
2021-06-24,-0.0042294096,-0.044805255,-0.0032213484,-0.006719065,0.16638815
2021-06-25,0.001999678,-0.025828231,-0.0044077495,0.0013971832,0.14123952
2021-06-28,0.0038460772,-0.0010502473,-0.0035429294,0.007772915,0.14885443
2021-06-29,0.002590051,0.024213359,-0.004443437,0.011368243,0.15879188
2021-06-30,0.0014811624,0.026961196,-0.0043813353,0.020865982,0.15470214
2021-07-01,0.0027766358,0.027240315,-0.0045271767,0.014889505,0.18289435
2021-07-02,0.0056046415,0.008311201,-0.0043671443,0.013063639,0.17634217
2021-07-06,-0.001304362,0.011430513,-0.00408551,-0.00085629337,0.21217223
2021-07-07,-0.006160428,0.0190013,-0.0037775396,-0.0037259497,0.20026936
2021-07-08,-0.003369335,0.017316213,-0.0039478424,0.0024540126,0.18248156
2021-07-09,0.00064382143,0.008604897,-0.0017956209,-0.0024148598,0.17628723
2021-07-12,-0.008576743,0.012298726,-0.00072035333,-0.021318518,0.16703339
2021-07-13,-0.004493607,0.014569062,0.00011577041,-0.018874995,0.15296881
2021-07-14,0.003096858,0.021564633,0.0018324467,-0.011528563,0.12259782
2021-07-15,-0.009539403,0.02555236,-0.001620492,-0.023648096,0.14892946
2021-07-16,-0.0072505204,0.03522892,7.6637516e-05,-0.008431926,0.11901326
2021-07-19,-0.0025051497,0.022591356,0.0012117991,-0.020749811,0.10791245
2021-07-20,-0.0026361626,0.033852942,0.0006194002,-0.02778254,0.18011355
2021-07-21,-0.006966656,0.018985266,0.00048507084,-0.039581455,0.12472541
2021-07-22,-0.007146109,0.005938751,0.002898131,-0.03493964,0.0927756
2021-07-23,0.0054097287,0.00139749,0.0027978597,-0.038440842,0.08770699
2021-07-26,0.006618889,0.006216097,0.0035754205,-0.036786273,0.06874407
2021-07-27,0.009183992,0.04229417,0.005220611,-0.019496046,0.024846181
2021-07-28,0.012228394,0.04507761,0.0040439023,0.018491425,0.013932479
2021-07-29,0.011982325,0.05089217,0.003985021,0.022472858,0.01684523
2021-07-30,0.01137759,0.046340074,0.0038961913,0.014846962,0.008879849
2021-08-02,0.0059584603,0.047462683,0.0028381385,0.003235043,0.02819769
2021-08-03,0.0029960033,0.053930648,0.0010901934,-0.013028039,0.036929496
2021-08-04,0.003621718,0.055536363,0.0009143379,-0.012843689,0.021384805
2021-08-05,0.0070993397,0.05940787,0.0022777924,-0.023566026,0.006835972
2021-08-06,-0.0025711106,0.056134626,0.0028907938,-0.030112527,-0.011152363
2021-08-09,-0.015636327,0.03620152,0.0036830334,-0.032751538,-0.0063396906
2021-08-10,-0.015046617,0.030370371,0.0028306548,-0.018293705,-0.016089838
2021-08-11,-0.005078895,0.013795447,0.0027100125,-0.005822655,-0.011055474
2021-08-12,0.0028743,0.002383701,0.0011228466,0.004515646,-0.026933908
2021-08-13,-0.0008510109,-0.0028447215,0.0005055909,0.005046807,-0.043643445
2021-08-16,0.01610555,-0.002585881,-0.0010904869,-0.00017879531,-0.025188055
2021-08-17,0.015875818,0.015898198,-0.00049884606,-0.0070671327,0.004980226
2021-08-18,0.00877467,0.017502222,0.0010124986,-0.015663046,-0.0054208254
2021-08-19,0.011047138,0.022016123,0.0023078977,-0.013878463,0.020861797
2021-08-20,0.011752481,0.030684251,0.0020167686,-0.012183998,0.02150397
2021-08-23,0.01807637,0.026925102,0.0014088248,-0.010465786,0.029796008
2021-08-24,0.010651039,0.01743244,0.0012378362,-0.020280201,0.079335295
2021-08-25,0.0029640365,0.029166361,0.0031628162,-0.029131314,0.08702596
2021-08-26,0.00449604,0.030217351,0.0036021941,-0.027961347,0.08601122
2021-08-27,0.01701386,0.020632733,0.003113607,-0.026012346,0.0817094
2021-08-30,0.029320387,0.00611929,0.0004976932,-0.025719348,0.10110518
2021-08-31,0.024364533,0.0071351933,0.0005736026,-0.025249057,0.072406165
2021-09-01,0.017533729,0.006116411,0.0016394799,-0.03041883,0.027324628
2021-09-02,0.017359266,-0.0004283716,0.001235976,-0.030297078,0.0075842226
2021-09-03,0.014150636,0.0005654241,0.000117925025,-0.028390871,0.0049053067
2021-09-07,0.012398522,0.0017486229,0.0013606463,-0.037895046,0.009766364
2021-09-08,0.007906208,0.006664349,0.0027777357,-0.033898123,-0.023387387
2021-09-09,0.008637015,0.0087801535,0.00089478923,-0.02584372,-0.01700218
2021-09-10,0.0075425934,0.0030130227,0.00014533041,-0.026914805,0.018789552
2021-09-13,-0.00086824596,0.012560802,0.0025723716,-0.025618048,0.0199817
2021-09-14,0.009236531,0.011259038,0.0006681845,-0.021563329,0.020984553
2021-09-15,0.01766268,0.012238624,5.6747085e-05,-0.020792883,0.04061322
2021-09-16,0.017567286,0.014930678,0.00033566993,-0.024045398,0.028466854
2021-09-17,0.018057594,-0.00040393416,0.0014978525,-0.021593379,0.0042266706
2021-09-20,0.012470072,-0.0033022524,0.0013467047,-0.019851835,0.0069578597
2021-09-21,0.014795082,-0.011505015,0.000717166,-0.014659695,0.023822099
2021-09-22,0.015586438,-0.016112803,0.00015629045,-0.025466107,0.0013566511
2021-09-23,0.019893149,-0.018447854,-0.0011320541,-0.021352962,0.01193975
2021-09-24,0.009039357,-0.02218314,0.00064478803,-0.02590594,-0.00010256376
2021-09-27,0.012792414,-0.03218953,0.0009825072,-0.02022548,-0.009627282
2021-09-28,0.021579692,-0.024345543,0.0006400036,-0.011419057,-0.030402899
2021-09-29,0.025107281,0.0019499841,0.0023952127,0.003304178,-0.07518493
2021-09-30,0.029097581,-0.009702951,0.0011464118,0.012495058,-0.067347296
2021-10-01,0.035601348,-0.03598657,0.0012733105,-0.012310699,-0.041827716
2021-10-04,0.03621637,-0.057006184,-0.0019493863,-0.0036413465,-0.007707699
2021-10-05,0.040721796,-0.077447124,0.00033481212,-0.023004845,0.011791439
2021-10-06,0.032580912,-0.08588123,-0.00091037515,-0.018550549,0.018061288
2021-10-07,0.023091575,-0.058598544,-0.0021040884,-0.030813878,0.0034471983
2021-10-08,0.014464887,-0.051856883,-0.00059146143,-0.030561201,0.05165934
2021-10-11,0.015346022,-0.020948593,-0.00011658613,-0.028173156,0.018416364
2021-10-12,0.018478146,-0.016837511,0.0007637136,-0.014223136,0.04740286
2021-10-13,0.016545502,-0.048191052,-0.0027292585,-0.022719521,0.07709742
2021-10-14,0.022275591,-0.06391565,-0.0035733674,-0.026584893,0.084486954
2021-10-15,0.0070581604,-0.09519791,-0.0042983545,-0.033530645,0.09639836
2021-10-18,0.004334608,-0.09098974,-0.0031827865,-0.03303875,0.14021781
2021-10-19,0.006908575,-0.091050185,-0.0036698342,-0.026633466,0.14099328
2021-10-20,-0.0061264597,-0.05398716,-0.00356686,-0.036244303,0.08659297
2021-10-21,-0.0058378307,-0.042579684,-0.0034757797,-0.036790058,0.062946565
2021-10-22,0.00052041,-0.040835604,-0.0036202567,-0.014555207,0.12094811
2021-10-25,0.0028151572,-0.052820247,-0.0045759315,-0.007938926,0.1611533
2021-10-26,-0.00211949,-0.04087027,-0.0043060263,-0.012834977,0.13493389
2021-10-27,-0.006269539,-0.046461347,-0.004264019,-0.0013593938,0.19470622
2021-10-28,-0.012970636,-0.015456896,-0.004695399,0.0040492713,0.19398528
2021-10-29,-0.011063106,-0.0066165966,-0.0038588962,-0.0048785172,0.17410444
2021-11-01,-0.012374868,0.010663848,-0.002610539,-0.0006688349,0.17640314
2021-11-02,-0.011260327,0.025418064,-0.0005447558,-0.0065396205,0.16933793
2021-11-03,-0.010599408,0.005197074,-0.002837917,-0.0133803245,0.17817147
2021-11-04,-0.008557489,0.038522065,-5.038624e-05,-0.013779255,0.18127409
2021-11-05,-0.01030595,0.022889577,-0.002258922,-0.030347584,0.15780012
2021-11-08,-0.0072440403,0.017066548,-0.0026955185,-0.016254846,0.12664242
2021-11-09,-0.0068177627,0.019850554,0.0007201325,-0.014006345,0.11125303
2021-11-10,0.002367491,0.013186472,-0.0002817998,-0.0039340667,0.08525195
2021-11-11,0.0062975287,0.02750063,0.0024420442,-0.022661436,0.1149252
2021-11-12,0.010021919,0.021972133,0.0038541374,-0.006829016,0.1147021
2021-11-15,0.048974864,0.008845483,0.0028794762,-0.0031055417,0.1416506
2021-11-16,0.05189856,0.016161416,0.0023429715,0.0070551857,0.17867361
2021-11-17,0.027995387,0.015922531,0.0018150163,0.015056044,0.20254572
2021-11-18,0.050819233,0.030624572,0.0011137524,0.0038089147,0.22782177
2021-11-19,0.045563802,0.038321402,0.0009415386,0.01817007,0.22240393
2021-11-22,0.009002332,0.053561125,0.0011854181,0.04250574,0.21008703
2021-11-23,-0.024340985,0.05076642,0.0011991581,0.047956083,0.16066809
2021-11-24,-0.019245178,0.020694472,0.0019359476,0.05251702,0.11777789
2021-11-26,-0.03315564,0.02973434,0.0033843196,0.102537304,0.11161696
2021-11-29,-0.011800282,0.026609924,0.0029282295,0.091806695,0.119660355
2021-11-30,-0.013703054,0.037434,0.003961476,0.09734048,0.070817836
2021-12-01,-0.007866519,0.038585547,0.005445871,0.113528684,0.11516195
2021-12-02,-0.005389685,0.010891732,0.0060211895,0.10138844,0.060903125
2021-12-03,-0.028864922,-0.022959268,0.0071575497,0.13259763,-0.06661605
2021-12-06,-0.033215553,-0.028378263,0.0090441825,0.16014366,-0.05300176
2021-12-07,0.015566228,-0.03738905,0.012727481,0.16090953,-0.123204954
2021-12-08,-0.02730859,-0.04098879,0.015609649,0.13697295,-0.14204429
2021-12-09,0.0008584801,-0.012410879,0.0074081267,0.13609362,-0.14868891
2021-12-10,-0.011569405,0.0044086794,0.007888316,0.14766015,-0.12832955
2021-12-13,-0.032300558,0.03636602,0.008165696,0.15514706,-0.12152362
2021-12-14,-0.0041879322,0.041166246,0.008136512,0.18165301,-0.1177761
2021-12-15,0.011450479,0.033451073,0.00783307,0.15047747,-0.11804464
2021-12-16,0.047486648,0.034111697,0.009455044,0.14433183,-0.15669751
2021-12-17,0.055943377,0.03399426,0.009707373,0.1432209,-0.072964944
2021-12-20,0.023270698,0.009462804,0.009951678,0.14798681,-0.05874861
2021-12-21,0.038628213,0.024221305,0.011070567,0.14534879,-0.044075496
2021-12-22,0.050798453,0.027440555,0.010965642,0.14197616,-0.1246144
2021-12-23,0.036435023,0.014322445,0.008398671,0.14242624,-0.105741456
2021-12-27,0.037914813,0.004743594,0.0103726415,0.12938668,-0.11064167
2021-12-28,0.008541767,0.020255096,0.009018574,0.120609,-0.08637564
2021-12-29,0.012804659,0.006056193,0.008318691,0.05686206,-0.070022196
2021-12-30,0.013647864,0.009961743,0.0082640685,0.018802706,-0.022383042
2021-12-31,-0.015326627,0.009993512,0.008618042,-0.015150523,0.037138004
2022-01-03,-0.03314398,0.004487864,0.007831553,-0.057604745,0.11706001
2022-01-04,-0.030204076,0.01530331,0.00479287,-0.03506068,0.07521335
2022-01-05,-0.028134558,0.022793386,0.0048065237,-0.017922167,0.07949858
2022-01-06,-0.01796908,0.01627905,0.0049193297,-0.0058680223,0.106362276
2022-01-07,-0.0022838674,-0.003570747,0.0038247774,0.014573978,0.17008565
2022-01-10,-0.004593566,0.00017911522,0.0038000909,0.021333653,0.16936699
2022-01-11,-0.01122394,-0.016029097,0.0027926562,0.010317165,0.24670888
2022-01-12,-0.02832021,-0.040470146,0.0013344191,0.011869129,0.2163855
2022-01-13,-0.03614819,-0.04641446,0.0025527785,-0.01005673,0.22454743
2022-01-14,-0.028705295,-0.017637577,0.003510782,-0.0033519752,0.19296913
2022-01-18,-0.0031086635,-0.01861925,0.004036052,-0.00310402,0.155062
2022-01-19,0.0068793204,-0.02098529,0.004341987,0.0030305088,0.12279073
2022-01-20,0.0138143245,-0.011529189,0.0020370628,-0.0005039647,0.15647091
2022-01-21,0.030205036,-0.019528124,0.0013669789,0.004192818,0.19152786
2022-01-24,0.012531944,0.00014502136,0.0016499652,0.0018381216,0.18735212
2022-01-25,0.021694662,0.016731035,0.0013388504,-0.00096189603,0.1817202
2022-01-26,0.05903192,0.0018420997,0.003855586,0.003699895,0.22796078
2022-01-27,0.057485774,-0.049415484,0.0039735497,-0.0024301931,0.16307181
2022-01-28,0.05018676,-0.056769203,0.0014308899,0.01642695,0.17471787
2022-01-31,0.044287153,-0.022225004,0.000162399,0.017388556,0.22166897
2022-02-01,0.055894084,0.0031699124,-0.0011654535,-0.0025025997,0.19485618
2022-02-02,0.052667923,0.025874157,-0.0021602737,-0.017839227,0.18978103
2022-02-03,0.07891019,0.051324006,-0.0014946057,-0.03642849,0.18306561
2022-02-04,0.04963897,0.089040704,0.00526342,-0.05796877,0.2369544
2022-02-07,0.06798694,0.0797404,0.0059384205,-0.04452483,0.16799253
2022-02-08,0.09087001,0.13823207,0.0043302523,-0.03545299,0.2797245
2022-02-09,0.09771379,0.1322282,0.0060488083,-0.0330832,0.29033262
2022-02-10,0.1041128,0.14301188,0.0028330619,-0.030209674,0.32138798
2022-02-11,0.08725361,0.1389573,0.008727539,0.034534812,0.14234887
2022-02-14,0.09407772,0.08568673,-0.00040925134,0.05098822,0.14161181
2022-02-15,0.13183618,0.22135766,0.003279829,0.07077965,-0.044401683
2022-02-16,0.07556547,0.10462547,0.0023752083,0.066353336,-0.024229206
2022-02-17,0.058762893,0.04364876,-0.004983089,0.06752446,0.03045132
2022-02-18,0.13508289,0.16066043,0.003725532,0.052368097,0.20236556
2022-02-22,0.09023567,0.18187246,0.009155043,0.08420007,0.22080117
2022-02-23,0.13993438,0.17616014,0.012440689,0.076720566,0.21997279
2022-02-24,0.13579078,0.119725354,0.013776754,0.057309147,0.22098663
2022-02-25,0.12759592,0.08882782,0.01107894,0.030883987,0.23593327
2022-02-28,0.18290521,0.11058756,0.012633089,0.050136875,0.21745285
2022-03-01,0.17350988,0.103363596,0.011520729,0.027520817,0.26399022
2022-03-02,0.19032204,0.12761268,0.013289416,0.0066699833,0.27395618
2022-03-03,0.16078432,0.08764861,0.014574797,0.06796087,0.05246643
2022-03-04,0.24800904,0.13177453,0.010712622,0.058475126,0.13528939
2022-03-07,0.28446218,0.1548417,0.0048500267,0.027552363,0.13024744
2022-03-08,0.24247248,0.11594136,0.006192366,0.07533471,0.09009225
2022-03-09,0.21098769,0.15416591,0.012715762,0.056511756,0.08440957
2022-03-10,0.10978526,0.14599086,0.005496994,0.058530573,-0.018182285
2022-03-11,0.13927513,0.1535528,-0.0029624715,0.030247118,-0.007872469
2022-03-14,0.08619351,0.13031201,-0.015689895,0.022959203,-0.053116232
2022-03-15,0.06784598,0.11644452,0.019585062,0.04584604,0.018617056
2022-03-16,0.04257474,0.10432834,0.0073196315,0.06314051,0.016386643
2022-03-17,0.14563511,0.12312651,0.0242057,0.13149236,0.04335302
2022-03-18,0.1290783,0.108789384,0.026575519,0.12060927,0.09947333
2022-03-21,0.13647136,0.0848148,0.027204815,0.18533844,0.05104143
2022-03-22,0.20833044,0.049359772,0.021694014,0.0933066,0.17078672
2022-03-23,0.18054144,0.045586135,0.04098678,0.12055929,0.14698683
2022-03-24,0.24454369,0.0049005556,0.02701907,0.15792264,0.064878695
2022-03-25,0.17775144,0.01697541,0.016560925,0.11274654,0.09137656
2022-03-28,0.15752585,0.022904865,0.018469034,0.12909783,0.17264688
2022-03-29,0.1254945,0.049429543,0.013754233,0.17270069,0.052859046
2022-03-30,0.11835505,0.042792615,0.012227247,0.16556159,0.07617332
2022-03-31,0.09117442,0.016424745,0.008091769,0.19395003,0.14324942
2022-04-01,0.10190534,0.013972718,0.004730075,0.19720806,0.11860532
2022-04-04,0.123765916,0.09819233,0.0009139624,0.18626341,0.04436992
2022-04-05,0.12704945,0.10249602,0.007686241,0.16060252,0.08342089
2022-04-06,0.13898751,0.079277284,0.0073422384,0.1521385,0.17578468
2022-04-07,0.059078038,0.07067082,0.012717827,0.17661887,0.1476287
2022-04-08,0.044582225,0.08752419,0.011902039,0.13285117,0.15652262
2022-04-11,0.11323069,0.077594884,0.0049068844,0.12205304,0.15020199
2022-04-12,0.048993185,0.08717119,0.008648153,0.15165046,0.13779245
2022-04-13,0.0017055329,0.18576156,0.0078800265,0.1470391,0.18118694
2022-04-14,0.1098008,0.16153522,-0.00014627018,0.092451826,0.14245634
2022-04-18,0.14668332,0.108530685,-0.0033864938,0.07738419,0.06405907
2022-04-19,0.106136605,0.14332904,4.9949944e-05,0.12417449,0.12123839
2022-04-20,0.18197174,0.06798672,0.0070474246,0.08903983,0.058659844
2022-04-21,0.09787582,0.047947217,0.009787872,0.21695326,0.14169894
2022-04-22,0.058126524,0.020381939,0.00888698,0.14918943,0.124079935
2022-04-25,0.056716196,0.023147266,0.012927228,0.20060727,0.13736619
2022-04-26,0.07946556,0.056943957,0.009776977,0.27189788,0.1312611
2022-04-27,0.114345565,0.19636448,0.000223999,0.24690007,0.17511575
2022-04-28,0.122681454,0.17452335,0.0140506765,0.17639823,0.252855
2022-04-29,0.22570701,0.18408933,0.045489088,0.19618003,0.23244579
2022-05-02,0.20508106,0.14969487,-0.0013832973,0.17777734,0.32845795
2022-05-03,0.1299808,0.20673633,-0.015565193,0.20719495,0.24981909
2022-05-04,0.18231708,0.170833,0.026840035,0.22161698,0.24482258
2022-05-05,0.11599252,0.21187183,0.048890498,0.14380836,0.12949982
2022-05-06,0.13552974,0.16234787,-0.021975236,0.09855972,0.14087582
2022-05-09,0.14299014,0.20356922,-0.010956976,0.08066161,0.13228984
2022-05-10,0.11530176,0.23643552,0.0102279475,0.1031795,0.20522107
2022-05-11,0.112822756,0.25248587,0.020660209,0.10079968,0.06984102
2022-05-12,0.091978714,0.2280476,-0.027406955,0.089078665,0.113811426
2022-05-13,0.10820313,0.21518412,0.0037013986,0.0925097,0.07200361
2022-05-16,0.15060829,0.19416839,0.03555976,0.07402854,0.030077696
2022-05-17,0.19482732,0.1785369,-0.0013355402,0.10516369,0.062629074
2022-05-18,0.21123071,0.14352457,0.023315763,0.08051714,0.10824709
2022-05-19,0.118838534,0.17314905,-0.01832541,0.07325058,0.22652364
2022-05-20,0.11178875,0.18723336,-0.020593455,0.09432204,0.13807367
2022-05-23,0.09428513,0.2054364,-0.020307915,0.071395054,0.055160336
2022-05-24,0.1281822,0.18488394,0.004102292,0.04257981,0.054909
2022-05-25,0.12117867,0.21038114,-0.004282692,0.07381286,0.044016205
2022-05-26,0.14389278,0.21497448,-0.0013552954,0.07733628,-0.029397786
2022-05-27,0.11936431,0.19431953,0.0056684935,0.08401452,-0.0022357395
2022-05-31,0.08061211,0.18562941,0.029569587,0.09032363,0.023402128
2022-06-01,0.060719505,0.120659046,-0.0021349383,0.0358917,0.020539925
2022-06-02,0.08789517,0.09431503,-0.004168079,0.07470055,0.033342816
2022-06-03,0.0584704,0.11796116,0.005008701,0.070988,0.08588512
2022-06-06,0.08014641,0.104635246,-0.01965909,0.082950026,0.108573355
2022-06-07,0.09187863,0.10941022,-0.012840317,0.067981884,0.14475788
2022-06-08,0.07920883,0.11791859,0.0020577877,0.0796075,0.14579213
2022-06-09,0.07522184,0.10604018,0.0011170927,0.06970829,0.07440451
2022-06-10,0.024542825,0.11808395,-0.03153996,0.06970781,0.09935658
2022-06-13,0.054188803,0.042192426,-0.024367664,0.106588334,0.09766971
2022-06-14,0.14949414,0.028089441,0.04825676,0.16945674,-0.049256466
2022-06-15,0.08186555,0.107320935,0.06012039,0.3072497,0.044747643
2022-06-16,0.1672395,0.084924124,-0.07156971,0.2230802,0.10210819
2022-06-17,0.17476659,0.15678571,-0.11831881,0.15383403,0.0038056606
2022-06-21,0.14101292,0.13883005,-0.08329277,0.10923685,0.0087790275
2022-06-22,0.058713436,0.20339258,-0.064687714,0.10014811,-0.02666878
2022-06-23,0.17126445,0.18517701,-0.010683177,0.055417832,0.08069183
2022-06-24,0.08665432,0.1651795,-0.023614613,0.08057763,0.0377713
2022-06-27,0.11048117,0.10102153,-0.041414198,0.15990205,0.02687411
2022-06-28,0.11179179,0.09706888,-0.07813758,0.13567723,0.0496653
2022-06-29,0.12250045,0.0927692,-0.11596948,0.11937769,0.02443716
2022-06-30,0.12221034,0.086184375,-0.1207313,0.1332651,0.029335365
2022-07-01,0.1426525,0.10618907,-0.078118056,0.14134428,0.074640244
2022-07-05,0.12423377,0.11813114,-0.04319661,0.22146933,0.06654269
2022-07-06,0.08084614,0.1255373,-0.023714295,0.14770077,-0.010210938
2022-07-07,0.07432117,0.04422557,-0.048170835,0.07230359,0.026874386
2022-07-08,0.105276376,0.009605916,-0.023348875,0.12563753,0.057216555
2022-07-11,0.12495044,0.025851961,-0.00842392,0.106125504,0.0421423
2022-07-12,0.16078372,0.03543401,0.00634135,0.1369025,0.062383756
2022-07-13,0.18364097,0.012062874,0.0671384,0.09913033,0.035940774
2022-07-14,0.1941601,0.016793627,0.052583992,0.1137297,0.058322392
2022-07-15,0.14110379,-0.028950471,0.012446112,0.15177561,0.049189612
2022-07-18,0.09863624,-0.0070255217,0.005596558,0.17845756,0.04643543
2022-07-19,0.079308175,-0.0018052054,-0.016243448,0.16150382,0.0049926257
2022-07-20,0.08370076,0.01114485,-0.044130646,0.12075883,-0.024356365
2022-07-21,0.052598402,0.008878302,-0.04458296,0.09266871,-0.05869568
2022-07-22,0.07529566,0.016355429,-0.013345963,0.06924833,-0.03448036
2022-07-25,0.11060788,0.022717115,0.0044829105,0.0518439,-0.008819853
2022-07-26,0.16818474,0.012385469,-0.008254885,0.032139484,-0.029079758
2022-07-27,0.1623858,0.004798751,-0.054706663,0.042540323,-0.061190475
2022-07-28,0.1940555,0.036812823,0.012964251,0.064227074,-0.046654336
2022-07-29,0.14474355,0.032381486,0.04694301,0.037374623,-0.010936762
2022-08-01,0.10217881,0.06354972,0.037087984,0.008027246,0.0117246965
2022-08-02,0.08645098,0.057015818,0.040940285,0.02324744,0.006176573
2022-08-03,0.17726798,-0.04114045,-0.055112842,0.04126982,0.03602144
2022-08-04,0.12983926,-0.005848397,0.0030402807,0.033646207,-0.018156469
2022-08-05,0.08959465,0.024055239,0.01262705,0.022224568,0.03684648
2022-08-08,0.15712291,-0.02845778,-0.023153184,0.053808566,0.026484452
2022-08-09,0.099262014,0.028620835,-0.008267469,0.051260855,0.020124406
2022-08-10,0.12468159,0.021616,-0.015793553,0.032693587,0.0013176287
2022-08-11,0.13105145,0.024982031,-0.008072335,0.01750062,-0.07543987
2022-08-12,0.16245398,-0.00943983,-0.034687646,0.027006201,-0.12221687
2022-08-15,0.115820035,0.013263818,-0.016623888,-0.008506804,-0.049717054
2022-08-16,0.09499497,0.021277439,-0.013184964,0.030182607,0.019671116
2022-08-17,0.09413412,0.021061119,-0.009535677,0.0550321,0.1165803
2022-08-18,0.12233089,-0.015361924,-0.010538299,0.090125814,0.10889458
2022-08-19,0.14134131,0.0008030343,-0.0128594795,0.11077984,0.14162666
2022-08-22,0.16000764,-0.031763975,-0.011430609,0.12418459,0.13421497
2022-08-23,0.18123846,-0.022308726,-0.0131902695,0.1673068,0.05005354
2022-08-24,0.16694777,0.0048732567,-0.019156545,0.13051619,-0.06867383
2022-08-25,0.16224624,-0.014755268,-0.0131171765,0.12872818,-0.05157004
2022-08-26,0.06861305,0.064138226,0.00016080783,0.15168668,-0.08678064
2022-08-29,0.06599175,0.055963863,-0.046518873,0.16643794,-0.042235307
2022-08-30,0.053216383,0.05217539,-0.06920348,0.1266661,-0.048342302
2022-08-31,0.0035479236,0.035525393,-0.055528782,0.1270149,-0.13735545
2022-09-01,-0.02625076,0.06032921,-0.028626293,0.109481916,-0.1744183
2022-09-02,-0.06782704,0.037760522,0.04523651,0.10200022,-0.14934915
2022-09-06,-0.008080324,0.10142953,-0.020085854,0.0793556,-0.014270007
2022-09-07,0.035921745,0.08098128,0.007365933,0.11357485,-0.0510887
2022-09-08,0.09662144,0.10799996,0.031368945,0.10760084,-0.083245605
2022-09-09,0.09676076,0.108068846,0.002500339,0.11523427,-0.038724028
2022-09-12,0.12575166,0.11616995,-0.010736019,0.113995984,-0.07917251
2022-09-13,0.10048464,0.077719405,0.00012788418,0.07430452,0.001640656
2022-09-14,0.15159008,0.048418667,0.02087546,0.08112027,-0.15324526
2022-09-15,0.056496255,0.118984625,0.029020023,0.0720548,-0.25338835
2022-09-16,0.02634699,0.092349686,0.036937222,0.07704626,-0.1988251
2022-09-19,0.026791593,0.114959754,0.018855376,0.0583147,-0.28257072
2022-09-20,0.010834942,0.10169476,0.016312739,0.09358586,-0.24679454
2022-09-21,-0.035273716,0.066418596,0.01640799,0.07365173,-0.1377637
2022-09-22,-0.029100413,0.03593879,0.029756533,0.109574705,-0.09767716
2022-09-23,0.027155226,0.06553031,0.03439746,0.08928552,-0.043718435
2022-09-26,0.050268613,0.011766281,0.04005865,0.118886486,0.03791052
2022-09-27,0.028910907,0.01374853,0.04657549,0.09815097,0.06684909
2022-09-28,0.08659716,0.04106852,0.023420589,0.06361066,0.12098243
2022-09-29,0.11060089,-0.018866692,0.02851493,0.07489966,0.014158911
2022-09-30,0.119055554,0.09827814,0.03920863,0.09371197,-0.08128979
2022-10-03,0.16428131,0.1451207,0.038771614,0.08568035,-0.06607867
2022-10-04,0.20864521,0.17699154,0.011141359,0.05500703,-0.048556864
2022-10-05,0.2411669,0.19611679,0.005456487,0.025631852,-0.044974133
2022-10-06,0.20149018,0.22628884,-0.004356663,0.029833231,0.0050042206
2022-10-07,0.25619173,0.18551476,-0.017423349,0.0436563,0.04085975
2022-10-10,0.2533274,0.1528502,-0.032797113,0.06552285,0.029674597
2022-10-11,0.13139057,0.1274407,-0.03299406,0.049846582,0.0714597
2022-10-12,0.08355714,0.1399638,-0.040509567,0.005977289,0.06545576
2022-10-13,0.055123575,0.16959754,-0.026278986,-0.00049075484,0.03455284
2022-10-14,0.07039603,0.15533186,-0.024969304,0.07830018,-0.0037924564
2022-10-17,0.08506358,0.1326956,-0.013201906,0.08488904,0.012722452
2022-10-18,0.0677272,0.1417367,0.018308891,0.059374128,-0.014479666
2022-10-19,0.101886734,0.1667063,0.027018683,0.046806443,0.002415889
2022-10-20,0.07487437,0.16730486,-0.009195465,0.05935051,0.00019040052
2022-10-21,0.0764952,0.15162939,-0.01609291,0.08284816,0.02981259
2022-10-24,0.10398697,0.12381085,0.055068996,0.026155125,-0.019517988
2022-10-25,0.084580615,0.14220914,0.04019613,0.0301979,-0.020396836
2022-10-26,0.15605092,0.15854551,0.039009493,0.061009835,0.02501103
2022-10-27,0.22337209,0.21695465,0.017276151,0.048977025,0.048060596
2022-10-28,0.22742584,0.27597108,0.04181087,0.054467846,0.07349373
2022-10-31,0.25521392,0.17888717,0.065446034,0.08754085,0.09517264
2022-11-01,0.17682499,0.15366156,0.04781701,0.048418503,0.029768862
2022-11-02,0.16749944,0.18641713,0.028988192,0.08631861,0.047012813
2022-11-03,0.10307735,0.23218682,-0.03956655,0.106514335,0.066907085
2022-11-04,0.04670777,0.2046694,-0.035439387,0.13681287,0.11398473
2022-11-07,0.096521005,0.15994628,0.012018886,0.025144424,0.07668909
2022-11-08,0.11090815,0.18268076,0.0145098185,0.02227167,0.14474742
2022-11-09,0.16710939,0.19791965,0.043227155,0.026348226,0.15396442
2022-11-10,0.13126065,0.17603464,0.043087967,0.017753534,0.18324311
2022-11-11,0.20315318,0.039780866,0.052885473,0.049941346,-0.02266806
2022-11-14,0.26653725,0.10939916,0.03666482,0.061900023,0.057794534
2022-11-15,0.26726285,0.122610755,0.040861275,0.076606795,0.025039427
2022-11-16,0.28904444,0.12432973,0.052759305,0.08125204,0.027392939
2022-11-17,0.2704052,0.14129688,0.026569095,0.07928899,0.027304634
2022-11-18,0.072910294,0.11150976,0.0020883107,0.010055706,0.067344956
2022-11-21,0.09006153,0.09609279,0.0032370337,0.01815103,0.12055761
2022-11-22,0.12262024,0.12667744,-0.023288777,0.05077653,0.15345891
2022-11-23,0.15534589,0.13306399,-0.004816271,0.0919244,0.1510889
