,Equity (SPY),Long Treasuries (TLT),Short Treasuries (SHY),Gold (GLD),Oil (DBO)
2018-06-27,0.047277343,-0.024418047,-0.00014209199,-0.034838405,-0.011438073
2018-06-28,0.04585183,-0.019702373,-2.2183634e-05,-0.028311087,-0.015516862
2018-06-29,0.04807396,-0.015671352,0.00045763177,-0.037088975,-0.0202681
2018-07-02,0.049235053,-0.020099167,0.00021745174,-0.024737334,0.010616649
2018-07-03,0.05235228,-0.024431264,-2.2616481e-05,-0.03202875,-0.010810981
2018-07-05,0.04286045,-0.018912543,0.00069953565,-0.036874916,-0.029705139
2018-07-06,0.027714929,-0.01493998,0.0014202872,-0.03571348,-0.02043386
2018-07-09,0.0150003135,-0.010557559,0.0017809739,-0.05334945,-0.03340429
2018-07-10,0.01776874,-0.012720778,0.0019010454,-0.050527994,-0.0382628
2018-07-11,0.017614055,-0.010757375,0.0020204852,-0.056388635,-0.019467408
2018-07-12,0.016648574,-0.010758647,0.0019008042,-0.061355006,-0.028430134
2018-07-13,0.019375091,-0.012047031,0.0020211071,-0.047715183,-0.03161664
2018-07-16,0.022407763,-0.0012095638,0.0028604316,-0.042223092,0.009318077
2018-07-17,0.020712804,-0.0026980552,0.0027419114,-0.028436301,0.0075918366
2018-07-18,0.018017868,0.0052742036,0.0031012099,-0.0264847,0.031381536
2018-07-19,0.020467842,0.00051400193,0.002500971,-0.03166793,0.0338735
2018-07-20,0.02761128,0.01482292,0.0026206854,-0.020805135,0.035292868
2018-07-23,0.03361782,0.021497939,0.0028615706,-0.012229683,0.034205317
2018-07-24,0.029081823,0.012044377,0.0023810896,-0.020547481,0.026060183
2018-07-25,0.025961898,0.014956195,0.002622349,-0.021483878,0.0281032
2018-07-26,0.024267394,0.0190287,0.0033426634,-0.018569883,0.026370028
2018-07-27,0.03110074,0.015041669,0.0034614198,-0.020232657,0.032157276
2018-07-30,0.03461456,0.012681416,0.003233665,-0.02380024,0.016820548
2018-07-31,0.027002174,0.0045674187,0.003233665,-0.02328829,0.024272887
2018-08-01,0.025659608,0.01641573,0.0034976695,-0.013993568,0.03039263
2018-08-02,0.018281518,0.006456447,0.0018134302,-0.0113282725,0.018722488
2018-08-03,0.015743071,0.005182023,0.0018138611,-0.015521833,0.01875311
2018-08-06,0.015374379,-0.00304463,0.0009717051,-0.00975618,0.03777066
2018-08-07,0.012319804,0.004523533,0.0013323608,-0.0036719588,0.041374214
2018-08-08,0.018636959,0.0050248806,0.0013325254,-0.0100582605,0.054507364
2018-08-09,0.020175818,-0.008154541,0.00036926044,-0.015103916,0.056180958
2018-08-10,0.021590188,-0.015391106,-0.0008331578,-0.009461322,0.042043444
2018-08-13,0.030752541,-0.023832228,-0.0007126579,0.0042403187,0.058722176
2018-08-14,0.025456706,-0.027572125,-0.0009537489,0.007138145,0.07125866
2018-08-15,0.041023772,-0.028761515,-0.0010726649,0.027323568,0.094532914
2018-08-16,0.032050632,-0.029105727,-0.0010734628,0.021284025,0.08997557
2018-08-17,0.025208998,-0.032912046,-0.001433512,0.011879608,0.11109211
2018-08-20,0.022143407,-0.04061276,-0.0019128222,0.008482856,0.11233465
2018-08-21,0.016803859,-0.030237157,-0.0015535584,0.00026546122,0.100643426
2018-08-22,0.020187933,-0.03350316,-0.0017927851,-0.010829092,0.07665997
2018-08-23,0.021619817,-0.037701484,-0.0011909049,0.004978719,0.09079509
2018-08-24,0.019087825,-0.047034174,-0.0015879982,-0.014025758,0.11419252
2018-08-27,0.010640797,-0.035199467,-0.00086659257,-0.0063030375,0.10191173
2018-08-28,0.010706003,-0.04670137,-0.0009884313,-0.00228976,0.11956777
2018-08-29,-0.0025067334,-0.055103213,-0.0011102136,-0.006324631,0.084963836
2018-08-30,-0.0040628253,-0.06588121,-0.0019504759,0.0014069969,0.078828625
2018-08-31,-0.00409743,-0.066937245,-0.0024313426,-0.008582235,0.07979918
2018-09-04,-0.003833823,-0.05107095,-0.0018425109,-0.0029264584,0.092490114
2018-09-05,-0.033314418,-0.051129285,-0.0016008201,-0.003890389,0.07319407
2018-09-06,-0.052572023,-0.042711485,-0.0016001344,0.019536622,0.055854153
2018-09-07,-0.036833968,-0.03767491,-0.0005177102,0.017508982,0.063277766
2018-09-10,-0.044204507,-0.041798156,-0.0002759159,0.024875805,0.06640465
2018-09-11,-0.025866136,-0.03188859,-3.6640784e-05,0.022531752,0.047738016
2018-09-12,-0.025929404,-0.04019341,-3.6640784e-05,0.0140896635,0.015468204
2018-09-13,-0.046373483,-0.042055544,0.0004465534,0.018809298,0.012588583
2018-09-14,-0.047087915,-0.039455548,0.00020462941,0.026111647,0.024248272
2018-09-17,-0.046278197,-0.040775515,0.00020478682,0.018315516,0.026563914
2018-09-18,-0.056793932,-0.027094988,0.000927696,0.02567253,-0.032555435
2018-09-19,-0.08862532,-0.013589819,0.0027341456,0.024118515,-0.044240996
2018-09-20,-0.07891536,-0.022400878,0.0020116663,0.018468508,-0.028393058
2018-09-21,-0.095745146,-0.015955208,0.0028536473,0.02849145,-0.021944443
2018-09-24,-0.09797332,-0.015653064,0.00321435,0.024720524,-0.060010336
2018-09-25,-0.08233588,-0.019606333,0.0026131163,0.018741028,-0.07184992
2018-09-26,-0.06871413,-0.031702556,0.0020116663,0.018405413,-0.078208
2018-09-27,-0.060919113,-0.031456776,0.002566749,0.04006128,-0.113087915
2018-09-28,-0.06696314,-0.041327696,0.00087832834,0.033916328,-0.13650319
2018-10-01,-0.06492937,-0.030038353,0.0015179418,0.033199545,-0.17144577
2018-10-02,-0.05803848,-0.03675527,0.0009149665,0.018877497,-0.17411229
2018-10-03,-0.037404355,-0.017897887,0.0010352024,0.02275104,-0.19466579
2018-10-04,-0.031374343,-0.010907772,0.0011562342,0.020065188,-0.19006054
2018-10-05,-0.03557789,0.0051626037,0.0017588387,0.005957616,-0.20115675
2018-10-08,-0.05443979,0.015036978,0.0027228147,0.009902846,-0.21514054
2018-10-09,-0.054852452,0.0043553323,0.002482683,0.009721672,-0.28744075
2018-10-10,-0.029536858,0.00769672,0.0029638768,0.015471495,-0.23981225
2018-10-11,0.0031177385,-0.00482789,0.0030844696,-0.008761732,-0.20946552
2018-10-12,-0.008077572,0.0044316817,0.003806484,0.0033788153,-0.2144758
2018-10-15,-0.019503603,0.0076541477,0.0042862394,-0.0028488976,-0.21224329
2018-10-16,-0.05981349,0.0057324567,0.004407675,-0.001123298,-0.28818345
2018-10-17,-0.056590725,0.011331846,0.004407675,0.0006043574,-0.24584761
2018-10-18,-0.04874452,0.0127257,0.0035639748,-0.001294847,-0.28794277
2018-10-19,-0.032186758,0.012661077,0.004287143,-0.003194501,-0.2892289
2018-10-22,-0.024329416,0.015111641,0.0046484135,-0.0065898285,-0.29257703
2018-10-23,0.00353882,0.007065754,0.0044062976,-0.008715611,-0.27087483
2018-10-24,0.032118514,0.0034694131,0.00308112,-0.007917475,-0.25431928
2018-10-25,0.020413809,0.011395231,0.0038029035,-0.00741575,-0.27654445
2018-10-26,0.05131196,0.012452061,0.0023827557,-0.0030876857,-0.23570223
2018-10-29,0.02392861,0.031318262,0.0027443003,0.0069400542,-0.2281761
2018-10-30,0.007700797,0.0394345,0.0041873087,0.011505204,-0.24049965
2018-10-31,-0.026433863,0.04638745,0.0057507725,0.025211375,-0.21150255
2018-11-01,-0.035123803,0.04959051,0.00519569,0.008962572,-0.21767792
2018-11-02,-0.02895602,0.061933342,0.005440513,0.007600697,-0.19360945
2018-11-05,-0.029435325,0.053544667,0.004957659,0.0121285925,-0.20076557
2018-11-06,-0.03608245,0.05179869,0.006160394,0.012758642,-0.15515503
2018-11-07,-0.07590236,0.05393097,0.0071231574,0.008837835,-0.18197502
2018-11-08,-0.093899384,0.05982664,0.008203863,0.017890517,-0.20419492
2018-11-09,-0.085180216,0.058359317,0.008309256,0.03155485,-0.25207856
2018-11-12,-0.081407495,0.06497649,0.007826029,0.032630846,-0.21435094
2018-11-13,-0.09594625,0.061952755,0.007585603,0.047574878,-0.18270773
2018-11-14,-0.109788805,0.061173294,0.0075824955,0.03497101,-0.21984385
2018-11-15,-0.14694911,0.06656921,0.007939074,0.04472827,-0.2506337
2018-11-16,-0.100256614,0.05002564,0.006258652,0.034345444,-0.19189346
2018-11-19,-0.075549275,0.04740602,0.0064956415,0.041489203,-0.22255649
2018-11-20,-0.05816066,0.05543676,0.008171897,0.04554498,-0.1650281
2018-11-21,-0.0528418,0.059577357,0.008531106,0.04547196,-0.16898598
2018-11-23,-0.045100987,0.06378787,0.008891352,0.046908684,-0.089586005
2018-11-26,-0.08526838,0.077363536,0.010802477,0.05705753,-0.091881104
2018-11-27,-0.05568016,0.064590074,0.008531106,0.05492311,-0.066997476
2018-11-28,-0.07059047,0.06651865,0.0074531925,0.054641847,-0.032899953
2018-11-29,-0.059051804,0.059962627,0.0066141505,0.04881486,-0.027756853
2018-11-30,-0.060465846,0.054661572,0.006732558,0.056941986,0.033663873
2018-12-03,-0.07009917,0.041132003,0.0076710507,0.043536227,-0.012595878
2018-12-04,-0.036773797,0.028422888,0.0075464523,0.039181307,-0.02320945
2018-12-06,-0.041374963,0.021559985,0.0065844096,0.041388653,-0.02188955
2018-12-07,-0.0064692823,0.016040782,0.005861374,0.031589918,-0.009818034
2018-12-10,-0.0059477547,0.012910599,0.0056218673,0.03826261,0.027354766
2018-12-11,0.001382958,0.013328417,0.00646379,0.038143575,0.010716949
2018-12-12,0.009582524,0.012540941,0.0057472386,0.027052408,0.047736943
2018-12-13,-0.0036809694,0.021661337,0.00562297,0.03280902,-0.006468593
2018-12-14,0.017046764,0.017779775,0.0047825044,0.03541531,0.01900399
2018-12-17,0.03739144,0.018517591,0.0046603023,0.026951695,0.068423346
2018-12-18,0.04691462,0.007746088,0.0033550116,0.039090484,0.13672675
2018-12-19,0.05437432,-0.0063744523,0.0032344875,0.048696898,0.08839365
2018-12-20,0.06945815,0.002315975,0.0038323428,0.038982037,0.13996224
2018-12-21,0.1058671,0.001737868,0.0044262754,0.049062885,0.17440109
2018-12-24,0.14138937,0.0053436602,0.004424064,0.038653366,0.2002228
2018-12-26,0.092581175,0.010058359,0.0042104158,0.039651297,0.15974389
2018-12-27,0.09194379,0.0054178294,0.003131537,0.02772843,0.1787564
2018-12-28,0.09741772,0.0015963344,0.0016959792,0.026250804,0.17488222
2018-12-31,0.08737835,-0.0017008057,0.0018146621,0.017900698,0.15903
2019-01-02,0.076759666,-0.00036586524,0.0024129592,0.019668452,0.12202264
2019-01-03,0.10213285,-0.007421976,0.0007399991,0.014434233,0.114969425
2019-01-04,0.069740295,0.00029014793,0.0025327732,0.017630199,0.08598218
2019-01-07,0.07466373,0.0006951712,0.0031298727,0.016279051,0.088214226
2019-01-08,0.06855375,-0.000464223,0.003011601,0.015026856,0.08046114
2019-01-09,0.06167029,0.006783684,0.00384759,0.014206515,0.037625257
2019-01-10,0.06898777,0.014796552,0.00324993,0.026057782,0.05910577
2019-01-11,0.07033081,0.013440878,0.0033681756,0.039441682,0.07866979
2019-01-14,0.07846343,0.014302119,0.003249055,0.035325773,0.10064332
2019-01-15,0.06350595,0.008982294,0.0025317417,0.02567675,0.07328929
2019-01-16,0.06726932,0.013923379,0.003487823,0.026074072,0.070994444
2019-01-17,0.061072014,0.010707974,0.0034880266,0.026347104,0.0446322
2019-01-18,0.047134243,0.020901162,0.0048030755,0.036987226,0.030863494
2019-01-22,0.060306992,0.0027551795,0.003726728,0.026328046,0.061772794
2019-01-23,0.056352377,-0.00023894352,0.0037277262,0.022098988,0.069061995
2019-01-24,0.062045526,-0.016069798,0.0022202563,0.006502891,0.038157243
2019-01-25,0.049975373,-0.0034624424,0.0031765709,-0.0106375525,0.043744378
2019-01-28,0.056243606,-0.00037725916,0.003176725,-0.0128159765,0.073436916
2019-01-29,0.051496543,-0.0017659138,0.0034168465,-0.019301081,0.049910538
2019-01-30,0.027389012,0.0054419525,0.002939118,-0.025834095,0.03356698
2019-01-31,0.016643085,0.0010826399,0.0024611435,-0.015429069,0.031748664
2019-02-01,0.030558461,0.004174934,0.0033945038,-0.018319407,0.014655956
2019-02-04,0.027311595,0.015637636,0.0037523129,-0.0079371575,0.023530444
2019-02-05,0.029726043,0.00919427,0.0038723678,-0.0035466945,0.0549698
2019-02-06,0.030404747,0.0014492695,0.0036327397,-0.008379132,0.05199798
2019-02-07,0.044911835,0.0014532249,0.0032735604,-0.0062421397,0.06837734
2019-02-08,0.04731029,-0.0033809189,0.0026760455,-0.009464161,0.072129905
2019-02-11,0.047003817,-0.0016712751,0.0029146285,-0.0017815311,0.07248818
2019-02-12,0.03121213,0.011281549,0.004466568,0.002580228,0.07352657
2019-02-13,0.03920188,0.017270831,0.0051837005,0.002509595,0.05470126
2019-02-14,0.021988826,0.027004674,0.0055365493,-0.00072568917,0.037222717
2019-02-15,0.010398082,0.02704628,0.0070846262,0.00096103735,0.016401798
2019-02-19,0.016095338,0.023788381,0.006249945,-0.01912404,0.017307924
2019-02-20,0.008839047,0.035814848,0.0072011235,-0.022629213,0.0077071856
2019-02-21,0.016184537,0.048276532,0.0074405083,-0.025512632,0.010592231
2019-02-22,0.016289614,0.041387558,0.006129577,-0.028202733,0.014375047
2019-02-25,0.026718348,0.03004748,0.005223614,-0.03110825,0.05781965
2019-02-26,0.027923943,0.026957959,0.005222817,-0.029085895,0.051587306
2019-02-27,0.029926011,0.029646099,0.004984913,-0.023450296,0.03884885
2019-02-28,0.03444003,0.035885323,0.005462659,-0.015278617,0.037023634
2019-03-01,0.033044137,0.046462484,0.006012981,0.0008201928,0.06299794
2019-03-04,0.037450425,0.035101738,0.005535045,0.007784729,0.055806484
2019-03-05,0.033673402,0.036163334,0.0055349157,0.011679802,0.050128486
2019-03-06,0.043153696,0.034915514,0.0056508183,0.015664823,0.06684843
2019-03-07,0.051276904,0.022560764,0.004219483,0.003614518,0.057535812
2019-03-08,0.06002182,0.011208686,0.0032646526,-0.00825602,0.06886265
2019-03-11,0.044969957,0.016698195,0.0036220732,-0.005249351,0.06204978
2019-03-12,0.04186077,0.0034290964,0.0031455385,-0.020289013,0.06472023
2019-03-13,0.0328136,0.0057242806,0.0033829936,-0.029168032,0.04665002
2019-03-14,0.035421215,0.018194564,0.0033837752,-0.01680574,0.044867236
2019-03-15,0.031354487,0.006790555,0.0031434982,-0.021370078,0.059497036
2019-03-18,0.03668651,0.00948889,0.003859647,-0.024018247,0.06280929
2019-03-19,0.034216847,0.019835439,0.004574867,-0.023868233,0.06669143
2019-03-20,0.036615044,0.00797184,0.0031429846,-0.029501634,0.047979742
2019-03-21,0.030029489,0.009172123,0.004214167,-0.018853834,0.024414284
2019-03-22,0.051029775,-0.012644748,0.0021892395,-0.025654996,0.04603917
2019-03-25,0.052292224,-0.009137055,0.0018325408,-0.030231468,0.043993954
2019-03-26,0.03732108,-0.0043008556,0.0010696315,-0.03187848,0.040173553
2019-03-27,0.040402524,-0.018234365,-0.00024005944,-0.030463368,0.018069971
2019-03-28,0.046359457,-0.01888254,0.00023717948,-0.010307244,0.020853808
2019-03-29,0.03595016,-0.015188667,0.0014276163,-0.009883983,0.02721879
2019-04-01,0.0073201363,0.006749746,0.0029290062,-0.002636565,-0.01509466
2019-04-02,0.0054398556,0.0005703838,0.002332521,-0.008810627,-0.0074766884
2019-04-03,0.00083760277,0.013367251,0.0034056404,-0.004938332,-0.014038493
2019-04-04,0.0031982998,0.00917613,0.0034044061,-0.0055843154,-0.008422924
2019-04-05,-0.02708135,0.015709996,0.0047137034,0.0056406837,-0.02719337
2019-04-08,-0.018840682,0.0163169,0.004952565,-0.00040823818,-0.013895334
2019-04-09,-0.00786219,0.019290006,0.0055463193,-0.0061904746,-0.0009228733
2019-04-10,-0.0020484694,0.013537725,0.004117368,-0.01648745,-0.007312766
2019-04-11,-0.008257164,0.021653576,0.0049504796,-0.010717295,-0.0064368825
2019-04-12,-0.02163387,0.026735574,0.0050721974,-0.009815746,-0.006401564
2019-04-15,-0.012004248,0.022619888,0.004477145,-0.0102497,-0.006401564
2019-04-16,-0.0157352,0.034620147,0.0050721974,-0.002243027,-0.039838526
2019-04-17,-0.025579352,0.045395803,0.00649624,0.0073721553,-0.08560365
2019-04-18,-0.025280911,0.041035764,0.0059010545,0.007696486,-0.065148026
2019-04-22,-0.03548639,0.053021733,0.006612953,0.003814259,-0.07299757
2019-04-23,-0.051171288,0.053924225,0.0062548486,0.0062243445,-0.08497867
2019-04-24,-0.046222024,0.054360963,0.0064891903,0.010076078,-0.12182341
2019-04-25,-0.059172746,0.06825994,0.008619925,0.02263321,-0.17156868
2019-04-26,-0.06636466,0.071528755,0.009431213,0.030349601,-0.14983101
2019-04-29,-0.046456173,0.06646296,0.009078349,0.035128415,-0.14713524
2019-04-30,-0.038342156,0.055687048,0.008838249,0.034624647,-0.18342088
2019-05-01,-0.024315702,0.054791,0.009128306,0.044509504,-0.15628956
2019-05-02,-0.012196694,0.06817904,0.010670367,0.05396185,-0.10945302
2019-05-03,-0.017358597,0.055887777,0.009365614,0.038056467,-0.11942599
2019-05-06,-0.013477506,0.05375539,0.00841455,0.03553366,-0.12825428
2019-05-07,0.0015966147,0.04688812,0.008767051,0.037407234,-0.14061783
2019-05-08,0.0071048276,0.05465706,0.009950464,0.045986,-0.13648377
2019-05-09,0.009028876,0.05307935,0.008999986,0.043274436,-0.12749061
2019-05-10,0.0043987436,0.05618917,0.008289081,0.040746253,-0.14107859
2019-05-13,0.040266406,0.053363767,0.007216676,0.035633735,-0.09883362
2019-05-14,0.033517864,0.05774513,0.009344164,0.043386076,-0.11347823
2019-05-15,0.03718634,0.05425854,0.009103427,0.06882401,-0.086759545
2019-05-16,0.026513001,0.046546802,0.009225843,0.08265378,-0.08318203
2019-05-17,0.03177441,0.051750805,0.009577388,0.104498155,-0.075670175
2019-05-20,0.028551618,0.056908134,0.010288078,0.1065203,-0.08019555
2019-05-21,0.018579096,0.052080687,0.009584685,0.099636294,-0.06050967
2019-05-22,0.025194775,0.053382687,0.009935059,0.09965564,-0.030712444
2019-05-23,0.04262167,0.04152059,0.008153507,0.094657235,-0.0029835033
2019-05-24,0.04939308,0.038319066,0.00787031,0.07402547,-0.0009761288
2019-05-28,0.061337717,0.038827647,0.007630723,0.099042505,-0.045688204
2019-05-29,0.076034814,0.042906012,0.007749064,0.10035922,-0.031686
2019-05-30,0.07216862,0.020991873,0.004907998,0.082385115,0.019048031
2019-05-31,0.08022567,0.00990916,0.0023045773,0.06254486,0.07219625
2019-06-03,0.08401697,0.0028648286,6.595611e-05,0.051712833,0.08862651
2019-06-04,0.06730881,0.0088099195,0.0025519037,0.06705732,0.10875875
2019-06-05,0.061026245,0.0010371997,0.0016052952,0.056024224,0.14324734
2019-06-06,0.059011422,-0.0010309159,0.002315094,0.058997113,0.11420784
2019-06-07,0.049386725,-0.0039026437,0.0014874635,0.053372674,0.07882855
2019-06-10,0.041577686,0.0025724927,0.0020789348,0.054877326,0.06842889
2019-06-11,0.03499195,0.012699368,0.003379738,0.07240613,0.044268683
2019-06-12,0.040413205,0.0120100565,0.0037324175,0.08124625,0.067678966
2019-06-13,0.030724473,0.006221011,0.0016052579,0.06030864,0.06352984
2019-06-14,0.034283835,0.0056041675,0.0020776258,0.060475875,0.06024655
2019-06-17,0.04102812,-0.0016158376,0.0023146397,0.055439487,0.082038686
2019-06-18,0.03530014,-0.0022810616,0.0024331312,0.05546561,0.033026703
2019-06-19,0.028257057,-0.008507378,-0.00028549717,0.04233152,0.031879455
2019-06-20,0.025426159,-0.008783598,-0.00063933735,0.019112943,0.0010064753
2019-06-21,0.025057483,0.0025681441,-0.00016719944,0.01913685,0.0
2019-06-24,0.023825137,-0.0024302443,-0.00063780224,0.0077346307,0.015794924
2019-06-25,0.022680638,0.0024864885,-0.0009923567,-0.007404321,0.010875084
2019-06-26,0.014932476,0.028571788,0.003026583,0.025541535,-0.069619894
2019-06-27,0.0038346825,0.030749273,0.0024357652,0.022700362,-0.057158586
2019-06-28,-0.031832483,0.048567157,0.0044417433,0.033879004,-0.04689955
2019-07-01,-0.026944345,0.05886882,0.00555215,0.06153396,-0.084528536
2019-07-02,-0.028954688,0.051543035,0.0050790203,0.055474635,-0.07598615
2019-07-03,-0.017488213,0.046579313,0.004488327,0.058848985,-0.08062962
2019-07-05,-0.023184674,0.05793433,0.0059104073,0.06674016,-0.072047584
2019-07-08,-0.029922562,0.07721124,0.007443787,0.08284533,-0.0626169
2019-07-09,-0.015735947,0.074154995,0.0066210884,0.07337037,-0.025975518
2019-07-10,-0.050515916,0.1019559,0.006141601,0.064524494,-0.09502382
2019-07-11,-0.05021943,0.12645522,0.008731926,0.07963686,-0.11184266
2019-07-12,-0.04003893,0.11726012,0.008496415,0.06697881,-0.10674117
2019-07-15,-0.028396143,0.09711131,0.007201065,0.05521357,-0.07253941
2019-07-16,-0.032857884,0.11038437,0.008261295,0.07147729,-0.054780364
2019-07-17,-0.017926889,0.09295691,0.006375415,0.051976617,-0.029639425
2019-07-18,-0.021888914,0.086218625,0.00472292,0.03541466,-0.021706317
2019-07-19,-0.042341474,0.10487039,0.007432927,0.06965201,-0.06138188
2019-07-22,-0.03379703,0.09892418,0.00684436,0.06993953,-0.066691354
2019-07-23,-0.044853475,0.119686626,0.0074334913,0.08513342,-0.05323668
2019-07-24,-0.042524956,0.11663905,0.0074326745,0.077239454,-0.02155027
2019-07-25,-0.025044452,0.11763488,0.0075536463,0.07714422,-0.017356198
2019-07-26,-0.032166377,0.11554566,0.0077878404,0.07292607,-0.050552092
2019-07-29,-0.03620767,0.11653287,0.008564437,0.08010561,-0.07449145
2019-07-30,-0.02246411,0.115595624,0.00926906,0.08299042,-0.048153847
2019-07-31,0.0013107328,0.08931096,0.007151712,0.071896285,-0.045256574
2019-08-01,0.010828367,0.076735444,0.004430451,0.039598424,0.022728335
2019-08-02,0.01888994,0.049611084,0.0031339943,0.039676294,0.030490154
2019-08-05,0.049189243,0.014787376,-0.0005243511,0.017196521,0.034875385
2019-08-06,0.042349547,0.0050483285,-0.00099542,0.015146357,0.031383313
2019-08-07,0.045216884,-0.0018817666,-0.0013493092,0.0021251198,0.04711827
2019-08-08,0.02512267,-0.025611969,-0.002651252,-0.011210575,0.03955598
2019-08-09,0.02886427,-0.010952506,-0.0012343609,0.00042474922,0.10043928
2019-08-12,0.043641016,-0.026178414,-0.0018226139,-0.0072476743,0.05762925
2019-08-13,0.028806984,-0.01851003,-0.0012348186,-0.007575469,0.005047964
2019-08-14,0.058753606,-0.037786514,-0.0024125522,-0.0103511205,0.05213242
2019-08-15,0.051380016,-0.035720497,-0.0034661398,-0.0052328743,0.0699874
2019-08-16,0.03649766,-0.027888833,-0.0027582243,0.006770704,0.06977187
2019-08-19,0.016644172,-0.0015008806,-0.00063786766,0.02380894,0.025788022
2019-08-20,0.030233767,-0.02652785,-0.0026415857,-0.0026757154,0.018595593
2019-08-21,0.020045646,-0.013427821,-0.0012287148,0.00021159429,0.014418324
2019-08-22,0.014951312,-0.0043105003,-0.0001677589,-0.0024073957,0.012461307
2019-08-23,0.045602106,-0.018161917,-0.0013430325,-0.037454937,0.01490982
2019-08-26,0.02263831,-0.011105782,0.00024880524,-0.03213579,0.007514947
2019-08-27,0.008747073,-0.02395666,0.0009562353,-0.030054996,-0.033140425
2019-08-28,0.009889379,-0.016162617,0.0028403203,-0.022714067,-0.049983718
2019-08-29,0.0106391795,-0.0050096125,0.003192733,-0.015523711,-0.044217862
2019-08-30,0.006759401,-0.013604139,0.0017813653,-0.021516774,-0.014925713
2019-09-03,-0.0030232342,-0.01220579,0.0015931029,-0.02662932,-0.009714121
2019-09-04,-0.004857491,-0.019363774,0.00018144528,-0.03193788,-0.046275336
2019-09-05,-0.010890526,-0.016093481,0.0012394757,-0.016411722,-0.0260567
2019-09-06,-0.0013490289,-0.035637833,0.00017862028,-0.013406829,-0.011299482
2019-09-09,-0.0029668277,-0.010476211,0.0013569109,-0.0056741983,-0.0481897
2019-09-10,0.0071200416,-0.004955464,0.00277352,-0.0040744334,-0.053843185
2019-09-11,-0.0015729507,-0.0019609588,0.003245187,-0.004405885,-0.023972094
2019-09-12,-0.002086357,0.0021784918,0.00348124,-0.0050367694,0.0010451769
2019-09-13,-0.005808789,0.02376846,0.005490856,0.0022095644,-0.0042015226
2019-09-16,0.004040797,0.0035554206,0.0041907495,-0.010885626,-0.086660445
2019-09-17,-0.0017599234,0.0039760284,0.0040721614,-0.009936271,-0.037701827
2019-09-18,0.00054732536,0.00074496836,0.00454514,-0.0012801021,-0.005047964
2019-09-19,0.002246594,-0.004267064,0.0044265273,0.0017679719,-0.009004404
2019-09-20,0.011068633,-0.022288438,0.00277352,-0.0076542376,-0.0039840234
2019-09-23,0.0169244,-0.031214967,0.0018288536,-0.02187225,-0.021032358
2019-09-24,0.024505269,-0.04254141,0.0010027874,-0.029922128,0.0030502416
2019-09-25,0.02167031,-0.013278331,0.0028912642,-0.0057274154,-0.0071905544
2019-09-26,0.021089131,-0.006290157,0.0041857436,0.004503557,-0.020661885
2019-09-27,0.03571243,-0.011828117,0.0030062653,0.010577632,0.023458509
2019-09-30,0.03509478,-0.027525932,0.0018265878,0.023344588,0.0565123
2019-10-01,0.045953963,-0.04184271,-3.1058014e-06,0.0015743613,0.0761684
2019-10-02,0.0640048,-0.03824942,-0.00047345084,-0.0057505933,0.07937349
2019-10-03,0.059356045,-0.06561468,-0.003773938,-0.025914215,0.08864571
2019-10-04,0.0483774,-0.07718748,-0.0035384095,-0.03229895,0.085575156
2019-10-07,0.05078966,-0.06819761,-0.002242787,-0.026140137,0.07648357
2019-10-08,0.06854248,-0.066305205,-0.002712976,-0.032148864,0.08719204
2019-10-09,0.05941416,-0.054173052,-0.0016525115,-0.029070413,0.086562745
2019-10-10,0.05412782,-0.028889932,0.00047033976,-0.01610802,0.06143166
2019-10-11,0.05102521,-0.017524745,0.0010591579,-0.013082361,0.052325774
2019-10-14,0.052876938,-0.022947503,0.0014134838,-0.014111485,0.054177895
2019-10-15,0.04273638,-0.0024876595,0.0015312777,-0.006611581,0.0406517
2019-10-16,0.040617924,0.006591596,0.0015311762,-0.011820958,0.060376324
2019-10-17,0.036063343,0.0027462703,0.0010596107,-0.01873642,0.0735109
2019-10-18,0.04267141,0.004033604,0.000587408,-0.01955491,0.07500974
2019-10-21,0.04363515,0.01451019,0.0011778171,-0.019576538,0.07500974
2019-10-22,0.049170382,0.014507739,0.0012955295,-0.017702064,0.070169024
2019-10-23,0.050713044,0.0105943335,0.0008237512,-0.025367105,0.040659953
2019-10-24,0.04536493,0.010469742,0.0011779531,-0.026273018,-0.010101316
2019-10-25,0.03274714,0.0019438328,0.0014600377,-0.029109921,-0.01003017
2019-10-28,0.02039699,0.031832136,0.0032318854,-0.010938439,0.010070463
2019-10-29,0.026845394,0.021141121,0.0025236518,-0.00952833,0.047580943
2019-10-30,0.025579577,0.0017376633,0.0014611066,-0.014427821,0.063893914
2019-10-31,0.037338983,-0.017212905,-0.0006606356,-0.03435437,0.085008755
2019-11-01,0.024968019,-0.011964116,-7.0921415e-05,-0.035557367,0.05013337
2019-11-04,0.019842513,0.0013567124,0.0001641673,-0.029846516,0.04683772
2019-11-05,0.023784012,0.020497655,0.0017001217,-0.0066722487,0.030260893
2019-11-06,0.032138217,-0.002130457,0.00016439363,-0.014486802,0.051845353
2019-11-07,0.029226521,0.027655387,0.0025269433,0.0056252764,0.052490328
2019-11-08,0.03361009,0.02284053,0.0018188979,0.011938021,0.052922484
2019-11-11,0.03574115,0.020793203,0.0018180544,0.014127065,0.06826272
2019-11-12,0.03369771,0.00796519,0.0018184598,0.011503195,0.07005271
2019-11-13,0.03746451,0.0030961607,0.0015474302,0.010095335,0.066818826
2019-11-14,0.04038474,-0.005861856,0.0006025968,0.0069045634,0.06255074
2019-11-15,0.034700535,-0.006238292,0.0007201245,0.012510878,0.056715816
2019-11-18,0.033994395,-0.005197601,0.00036610608,0.018936642,0.075290255
2019-11-19,0.039592355,-0.0110864015,0.0008394016,0.026258329,0.110838726
2019-11-20,0.043070197,-0.020288896,0.0010770885,0.025402535,0.083568454
2019-11-21,0.03915208,-0.01765771,0.0019029885,0.033000212,0.06005616
2019-11-22,0.03935642,-0.028787527,0.0019034198,0.036777154,0.05749902
2019-11-25,0.04094544,-0.02048371,0.0022573005,0.048901286,0.05937166
2019-11-26,0.031080555,-0.011027744,0.0026124222,0.05727937,0.08011619
2019-11-27,0.030441167,-0.013813601,0.0028481532,0.07302825,0.082177825
2019-11-29,0.03134084,-0.016607486,0.0024939512,0.070770875,0.12314545
2019-12-02,0.045187097,-0.009817591,0.0023285407,0.063749015,0.078884944
2019-12-03,0.058674227,-0.027064243,0.0010285974,0.04854708,0.06334001
2019-12-04,0.04964104,-0.008177302,0.0017373756,0.055921964,0.021193104
2019-12-05,0.05469827,-0.0063393363,0.0020921149,0.0478991,0.0037123307
2019-12-06,0.044079717,0.004341189,0.0025643415,0.056984864,-6.891387e-05
2019-12-09,0.04948659,0.008785416,0.0030369451,0.063092805,-0.007896777
2019-12-10,0.058886137,0.00555759,0.003509952,0.058691364,-0.004830773
2019-12-11,0.05915935,-0.0108576035,0.0030362827,0.053673152,0.008642436
2019-12-12,0.048616886,0.016187875,0.004217906,0.05829762,-0.008733394
2019-12-13,0.04813889,0.008194033,0.0032726766,0.054169346,-0.04213175
2019-12-16,0.042438556,0.024202315,0.0042160363,0.056486934,-0.07277918
2019-12-17,0.0332867,0.033638548,0.0043336106,0.06253127,-0.101883106
2019-12-18,0.01706451,0.05731923,0.005274742,0.06926139,-0.13224088
2019-12-19,0.023398967,0.047858287,0.004603084,0.057708308,-0.12418261
2019-12-20,0.018197626,0.056270972,0.005544799,0.062107615,-0.12251185
2019-12-23,0.019911481,0.057875123,0.005899002,0.059097733,-0.13595565
2019-12-24,0.0015552349,0.06410877,0.0070740315,0.05548565,-0.16042435
2019-12-26,0.003647133,0.06089011,0.0064240517,0.041142184,-0.20222093
2019-12-27,0.019021327,0.046238042,0.0046555656,0.02839913,-0.20771083
2019-12-30,0.03603149,0.038891416,0.003593732,0.027522106,-0.1830654
2019-12-31,0.036964748,0.05322951,0.003947546,0.031004896,-0.16910098
2020-01-02,0.022312112,0.054400876,0.00406477,0.026326306,-0.17765522
2020-01-03,0.037351016,0.041883662,0.003708731,0.01571299,-0.21612926
2020-01-06,0.035274323,0.042525176,0.0035922052,0.0018302277,-0.20868981
2020-01-07,0.044512432,0.04237449,0.0031205132,-0.0029102787,-0.18928002
2020-01-08,0.038129374,0.052836407,0.0038290543,0.010296827,-0.15320413
2020-01-09,0.0329726,0.05370063,0.0041822176,0.020134235,-0.14038347
2020-01-10,0.033274215,0.05167405,0.004299321,0.026863478,-0.12941106
2020-01-13,0.031189986,0.05464347,0.004534862,0.040124908,-0.09982578
2020-01-14,0.028599352,0.057315744,0.004652069,0.04509319,-0.10579388
2020-01-15,0.01599019,0.060003236,0.005003462,0.054189354,-0.10885933
2020-01-16,-0.026021523,0.077977076,0.0066481917,0.064705096,-0.13422732
2020-01-17,-0.059900124,0.09187212,0.0073508266,0.04482544,-0.17536904
2020-01-21,-0.061624717,0.0761114,0.007818051,0.048095435,-0.1793931
2020-01-22,-0.107696995,0.08339372,0.00875334,0.047949653,-0.1763155
2020-01-23,-0.11305363,0.09874864,0.0120226275,0.008528037,-0.18396226
2020-01-24,-0.061726525,0.08330817,0.011260245,0.008210567,-0.12697792
2020-01-27,-0.07461693,0.08327933,0.014166469,0.032358833,-0.10297378
2020-01-28,-0.043868292,0.08046685,0.014753179,0.04307869,-0.11116301
2020-01-29,-0.07684806,0.095322,0.015904468,0.05904639,-0.12302174
2020-01-30,-0.09675798,0.14591852,0.016947605,0.05935996,-0.17137836
2020-01-31,-0.15974525,0.16357271,0.021091899,0.05523313,-0.3327346
2020-02-03,-0.11669629,0.111764394,0.016993,0.040422853,-0.23199958
2020-02-04,-0.1817993,0.087831154,0.016892152,0.049950458,-0.25803074
2020-02-05,-0.29384974,0.105003186,0.017367857,0.008016298,-0.30570057
2020-02-06,-0.2151811,0.07764489,0.018407617,-0.02834919,-0.2962275
2020-02-07,-0.32572356,0.12799868,0.019439403,-0.042503677,-0.3671041
2020-02-10,-0.28057623,0.056221753,0.016651647,-0.031607203,-0.38427073
2020-02-11,-0.33426732,0.0032097364,0.015845891,-0.048282415,-0.49084717
2020-02-12,-0.3385667,0.03514917,0.01805816,-0.06655583,-0.4065683
2020-02-13,-0.38154927,0.10382247,0.020484723,-0.05734875,-0.45119712
2020-02-14,-0.4090513,0.13983755,0.021169316,-0.018286977,-0.43902537
2020-02-18,-0.31974006,0.11422231,0.019429281,0.016365193,-0.433824
2020-02-19,-0.3096504,0.1120174,0.020467138,-0.0032333015,-0.4070897
2020-02-20,-0.24878506,0.10912439,0.021386547,0.0054310737,-0.42240074
2020-02-21,-0.26867166,0.12616943,0.02033174,-0.015963832,-0.3951135
2020-02-24,-0.20298426,0.103088215,0.019148579,-0.020517843,-0.37530088
2020-02-25,-0.18723106,0.08962864,0.017861396,-0.03484673,-0.3455198
2020-02-26,-0.22959524,0.10885205,0.017804973,-0.029795919,-0.37267533
2020-02-27,-0.16083087,0.104388036,0.016864212,-0.013730233,-0.34561583
2020-02-28,-0.17118002,0.084431775,0.013011127,0.028371096,-0.2909715
2020-03-02,-0.1485679,0.08920163,0.012726881,0.050193544,-0.31253317
2020-03-03,-0.11849882,0.06326836,0.008529953,0.013874284,-0.2912643
2020-03-04,-0.12665506,0.06664045,0.00899171,0.0031734118,-0.29802844
2020-03-05,-0.07774603,0.043869507,0.00724497,0.00759063,-0.28244334
2020-03-06,-0.07024853,-0.016037757,0.006199342,0.024204846,-0.1820655
2020-03-09,0.040130343,-0.04302421,0.00076199335,0.030393275,0.0015349055
2020-03-10,-0.031797256,0.03573865,0.0055021476,0.04660541,-0.1235384
2020-03-11,0.02299252,0.08452398,0.0068932343,0.049306743,-0.09294618
2020-03-12,0.15021782,0.06485099,0.0067783007,0.07040388,-0.06737079
2020-03-13,0.050415054,0.09572575,0.0055025844,0.108496286,-0.100397736
2020-03-16,0.1354676,0.04548409,0.004112637,0.11315974,-0.15495753
2020-03-17,0.10483471,0.104225345,0.006083178,0.1191752,-0.10095514
2020-03-18,0.15672264,0.16758618,0.007244032,0.14920396,-0.0036697949
2020-03-19,0.16844222,0.14306928,0.0055034547,0.16399571,-0.12317827
2020-03-20,0.22680795,0.05177731,0.0028409164,0.14244874,-0.10209227
2020-03-23,0.24810013,0.022839792,0.0020319652,0.09475073,-0.119491056
2020-03-24,0.18721049,0.036427382,0.0033028906,0.052879404,-0.11841774
2020-03-25,0.16299699,0.026954854,0.0038770977,0.048380926,-0.10445764
2020-03-26,0.079418026,0.03057246,0.0012458845,0.041792504,-0.119230315
2020-03-27,0.1124108,-0.00048498317,0.0014766961,0.05177263,-0.109887466
2020-03-30,0.08964822,0.001357006,0.0008996198,0.05161371,-0.058398582
2020-03-31,0.09786381,-0.0067618894,0.0014768572,0.071039595,-0.09221544
2020-04-01,0.15590774,-0.004106345,0.001522322,0.076861925,-0.06850794
2020-04-02,0.1495055,-0.023518488,0.001061,0.054572996,-0.018787833
2020-04-03,0.16427001,-0.033731516,0.00094559113,0.04339454,-0.064648405
2020-04-06,0.0791304,-0.020903984,0.0018694347,0.01994253,-0.10608223
2020-04-07,0.060267545,-0.0034052038,0.0021004581,0.034888044,-0.12921165
2020-04-08,0.039146338,0.013637333,0.0012918557,0.052647054,-0.09915757
2020-04-09,0.028630417,0.009245812,0.001522322,0.032486834,-0.068189345
2020-04-13,0.06780723,-0.0037814958,0.0005994845,0.00789883,-0.05526277
2020-04-14,0.028416477,0.00019745858,0.001176549,0.009665469,-0.06167957
2020-04-15,0.066739,-0.02295831,0.0008299423,0.017151954,0.024058852
2020-04-16,0.054998167,-0.031756356,0.00036817213,0.0033337064,0.033522733
2020-04-17,0.030238599,-0.012263078,0.0007148995,0.028841574,0.020850778
2020-04-20,0.060258947,-0.033775244,0.0007148995,0.007423862,0.062370364
2020-04-21,0.105862,-0.048127275,0.0002527483,0.016073344,0.16458835
2020-04-22,0.08206346,-0.04154564,0.001061,-6.1799394e-05,0.14468676
2020-04-23,0.0865815,-0.03972383,0.001176549,-0.0026359719,0.1780232
2020-04-24,0.07677236,-0.0488231,0.0010612229,0.006251962,0.21335796
2020-04-27,0.07070314,-0.033676658,0.0010612229,0.006416659,0.2559954
2020-04-28,0.0885323,-0.05850819,-9.4444185e-05,-0.007739336,0.26088393
2020-04-29,0.060060944,-0.067891024,0.00025240533,-0.0027862743,0.26016408
2020-04-30,0.094721906,-0.06329351,-0.0018244865,-0.004987281,0.24245064
2020-05-01,0.13356693,-0.067985065,-0.0005786693,-0.00037557157,0.24924311
2020-05-04,0.12332773,-0.05197575,-0.00023172866,0.005721397,0.23217691
2020-05-05,0.108534954,-0.03083566,0.00046154414,0.01571247,0.1831803
2020-05-06,0.055959515,0.0041567436,-0.00034728192,0.021411177,0.1615344
2020-05-07,0.055869326,-0.022099689,-0.0006926987,0.0075923684,0.18836385
2020-05-08,0.048750866,-0.008458957,-0.00069325994,0.011835947,0.15611921
2020-05-11,0.0676105,-0.01607449,-0.00046284858,0.017596139,0.1985915
2020-05-12,0.08358111,-0.022168107,-0.00034666006,0.015623407,0.21079323
2020-05-13,0.10181009,-0.018607501,-0.00046203943,0.004076367,0.23361479
2020-05-14,0.08418281,-0.02754624,-5.0156257e-07,0.0062378156,0.21533932
2020-05-15,0.085990466,-0.024847152,-0.0008080781,0.0070512947,0.21311066
2020-05-18,0.060579028,-0.009506484,0.00023044444,0.023028592,0.1462345
2020-05-19,0.04506356,-0.0025726648,-0.00023116698,0.009934655,0.106664576
2020-05-20,0.038881917,-0.002682978,-0.00023116698,0.0069602896,0.102345005
2020-05-21,0.0217716,0.0054684756,0.00034637935,0.026097124,0.07118826
2020-05-22,0.034465086,-0.0036807861,0.000576965,0.020738058,0.10963712
2020-05-26,0.034948144,0.0049506035,0.00046157854,0.039486002,0.08040041
2020-05-27,0.027158845,0.004845411,0.00035698965,0.033194035,0.12026498
2020-05-28,0.03449736,0.009572863,0.0003580278,0.032007568,0.12357718
2020-05-29,0.045370396,-0.0016476071,1.1231047e-05,0.030646976,0.10227878
2020-06-01,0.030969419,0.019065702,0.0003576681,0.032344207,0.08410753
2020-06-02,0.030343194,0.018706126,0.0003576681,0.045034453,0.07580468
2020-06-03,0.0114134755,0.047888435,0.0013978863,0.0609489,0.053365123
2020-06-04,0.024201933,0.057436276,0.00081980246,0.04788038,0.062609315
2020-06-05,-0.009801189,0.06788562,0.0011668637,0.06960446,0.009866091
2020-06-08,-0.008940242,0.06548737,0.0015136692,0.063493185,0.048167974
2020-06-09,0.007689832,0.04951479,0.0012824143,0.054778483,0.04913277
2020-06-10,0.009986539,0.03953399,0.00070464786,0.0310587,0.039275676
2020-06-11,0.07225878,0.018713245,0.0013977251,0.046503197,0.10261711
2020-06-12,0.06840359,0.030855909,0.0008201142,0.04989647,0.09064436
2020-06-15,0.06123639,0.03089942,0.0012820179,0.06366029,0.08885328
2020-06-16,0.04784773,0.049336914,0.0012824668,0.07924118,0.06822398
2020-06-17,0.040006448,0.056831185,0.0009355862,0.086118974,0.07191261
2020-06-18,0.033160143,0.0462395,0.0011662238,0.09663165,0.05723816
2020-06-19,0.04615747,0.04172046,0.00058896205,0.10522027,0.058107622
2020-06-22,0.03340068,0.04849154,0.0010509656,0.10708538,0.02336877
2020-06-23,0.041030705,0.053645868,0.0010508234,0.10618315,0.042559594
2020-06-24,0.063296154,0.049544334,0.0012822273,0.10224537,0.06527148
2020-06-25,0.060503833,0.04602296,0.0013975193,0.11189515,0.047494974
2020-06-26,0.09147033,0.030329252,0.0010508389,0.10857383,0.08139127
2020-06-29,0.08073483,0.04296705,0.00093563186,0.12908801,0.06471624
2020-06-30,0.0741982,0.039054584,0.00082014746,0.13389735,0.086295836
2020-07-01,0.073880315,0.046568915,0.0011556557,0.15157524,0.07764274
2020-07-02,0.06910574,0.03884047,0.00057732675,0.13340414,0.05450942
2020-07-06,0.056771275,0.0384606,0.00069267163,0.1239683,0.052750595
2020-07-07,0.058849864,0.012546602,0.0002308571,0.062488142,0.04487492
2020-07-08,0.06507613,0.007411769,-5.012675e-07,0.051616658,0.058840394
2020-07-09,0.06897601,-0.01913163,-0.0003476591,0.0776682,0.074409015
2020-07-10,0.058847114,-0.018008025,0.00011529819,0.075946935,0.055010516
2020-07-13,0.07071513,-0.01879968,0.00023088383,0.096168496,0.084671125
2020-07-14,0.05999718,-0.013110813,0.0002308571,0.10048344,0.065575376
2020-07-15,0.046679467,-0.014703716,0.00011517128,0.06752811,0.057234492
2020-07-16,0.053087648,-0.010443405,0.00011517128,0.08391489,0.05746402
2020-07-17,0.053733535,-0.0023722092,-0.00023133162,0.06766746,0.043017354
2020-07-20,0.0557663,-0.00645347,-0.00011618708,0.0571844,0.05225572
2020-07-21,0.057134595,-0.014733888,-0.00023133162,0.046420176,0.05129332
2020-07-22,0.06143435,-0.021553066,-0.000116073425,0.0430719,0.049879216
2020-07-23,0.07562206,-0.05032139,-0.00023165905,0.022656027,0.04911403
2020-07-24,0.08852158,-0.051005997,-5.0109384e-07,0.03134467,0.05027525
2020-07-27,0.07762636,-0.04066936,0.00069301255,0.014166892,0.03304992
2020-07-28,0.09336328,-0.03619067,0.0002185784,0.0070499373,0.05034172
2020-07-29,0.09550063,-0.025011463,0.00010390944,-0.013650843,0.017322205
2020-07-30,0.06405452,-0.028741138,-0.00035898224,-0.014360319,0.03110461
2020-07-31,0.047985017,-0.04726861,-0.0008206542,-0.020650709,-0.010974095
2020-08-03,0.013353372,-0.036095716,-0.0007055817,-0.023711389,-0.08285439
2020-08-04,0.029053237,-0.048273273,-0.00070499914,-0.03510447,-0.073287874
2020-08-05,0.0053451946,-0.03442258,-0.00059008953,-0.047573235,-0.10652778
2020-08-06,-0.00080791576,-0.03786255,-0.00035888207,-0.06081484,-0.09911826
2020-08-07,0.011559846,-0.031235192,-0.00035852267,-0.036940407,-0.093058124
2020-08-10,0.01361446,-0.029185908,-1.1824521e-05,-0.03587107,-0.08092136
2020-08-11,0.017927475,-0.020221815,0.00033491367,0.022149231,-0.032435197
2020-08-12,-0.004752957,-0.008031949,0.00033499114,0.021323243,-0.038389824
2020-08-13,-0.014522999,-0.0003983333,0.0005662375,-0.000709382,-0.041256733
2020-08-14,-0.025744783,0.00857785,0.00033499114,-0.016682643,-0.067502044
2020-08-17,-0.018783392,0.0052768583,0.0004506864,-0.043002687,-0.08187003
2020-08-18,-0.044405524,-0.0005112019,0.00033491367,-0.0738137,-0.080906704
2020-08-19,-0.03757107,0.009583164,0.00021887908,-0.038027413,-0.06686986
2020-08-20,-0.024642324,0.0005846086,0.00033491367,-0.047771595,-0.069920965
2020-08-21,-0.011710278,-0.008241028,0.0005662066,-0.02971814,-0.043017354
2020-08-24,-0.027253313,-0.005461047,0.000566272,-0.015646622,-0.08582523
2020-08-25,-0.02319351,-0.007410377,0.0005662066,-0.022884328,-0.08143261
2020-08-26,-0.026769675,-0.0019274524,0.00033475203,-0.025743032,-0.11235611
2020-08-27,-0.03849362,0.011486016,0.00056637224,-0.0150095215,-0.1402154
2020-08-28,-0.027354233,-0.0075020744,-0.00012748643,-0.027379366,-0.08759813
2020-08-31,-0.038043033,-0.008746215,-0.0004745841,-0.041593265,-0.06445175
2020-09-01,-0.030160723,-0.027438978,-0.0003468814,-0.04323417,-0.07232065
2020-09-02,-0.035697784,-0.031528197,-0.00046291598,-0.026466932,-0.025419414
2020-09-03,0.008213034,-0.034553137,-0.0003468814,-0.0003312769,-0.03110461
2020-09-04,0.032370992,-0.0122020915,0.00023103367,-0.005963584,-0.018093804
2020-09-08,0.05352658,-0.011192307,-1.0023157e-07,-0.019888638,0.05691438
2020-09-09,0.02766851,-0.006216618,-0.00011606143,-0.026460078,0.053085208
2020-09-10,0.04394819,-0.013015359,0.0002313077,-0.019592239,0.069090314
2020-09-11,0.042834528,-0.017929547,-0.00011534651,-0.023008604,0.05216128
2020-09-14,0.014429156,-0.021655267,-1.0021995e-07,-0.030365588,0.052457083
2020-09-15,0.01338742,-0.028782368,-0.00023130773,-0.023160655,0.051507384
2020-09-16,0.015468801,-0.029250119,-0.0003473423,-0.018488033,-0.020819662
2020-09-17,0.029773362,-0.04275411,-0.0004633239,-0.022831943,-0.02597562
2020-09-18,0.044742092,-0.03354662,-0.00046286947,-0.025205832,-0.038786042
2020-09-21,0.037281536,-0.029348994,-0.00023163512,-0.005417955,-0.03843893
2020-09-22,0.023695447,-0.021870263,-0.00046291598,0.002069005,-0.018349122
2020-09-23,0.012382781,-0.022275003,-0.00046291598,0.0076371715,-0.0637897
2020-09-24,0.019833142,-0.03585312,-0.00011534651,-0.00022807288,-0.10489948
2020-09-25,-0.0066844206,-0.04576698,-0.0003473423,0.007176624,-0.1118812
2020-09-28,-0.012010993,-0.035454094,-0.00047428897,0.006824463,-0.08601294
2020-09-29,0.010951494,-0.04242601,-0.0005903332,0.004088358,-0.036209583
2020-09-30,0.025501296,-0.011333713,-0.00047428897,0.009552313,-0.02964229
2020-10-01,0.03841713,-0.011245853,-0.00047439878,0.023395121,-0.012977869
2020-10-02,0.04772838,-0.01966281,-0.00047444398,0.025711251,0.0014891898
2020-10-05,0.042638086,-0.021169513,-0.00047420777,-0.024430687,0.005618017
2020-10-06,0.055488117,-0.032327734,-0.00059023744,-0.009292901,0.01786995
2020-10-07,0.04563258,-0.021405498,-0.0007061616,-0.013177559,0.024692608
2020-10-08,0.027060678,-0.009916572,-0.0005905063,-0.010683798,-0.012270128
2020-10-09,0.031919766,-0.011055642,-0.0005905063,-0.021885633,-0.019418133
2020-10-12,0.028365504,-0.016641574,-0.000590169,-0.019066323,0.029067898
2020-10-13,0.029520374,-0.01727044,-0.00059023744,-0.0068884087,0.013736578
2020-10-14,0.023715448,-0.016663197,-0.00059023744,-0.015717186,0.004073288
2020-10-15,0.029153464,-0.009798559,-0.00059000053,-0.021238906,0.0067887553
2020-10-16,0.022886781,0.0018160476,-0.00035895206,-0.01474645,0.023083104
2020-10-19,0.044183582,0.0010111405,-0.00035895206,-0.035141394,0.039273918
2020-10-20,0.056171,0.00057021197,-0.00012700148,-0.05539774,0.065640464
2020-10-21,0.056522757,0.0009464509,-1.1426465e-05,-0.06337278,0.1163796
2020-10-22,0.05383374,0.021056673,0.000335836,-0.063722484,0.09757416
2020-10-23,0.046007358,0.013713441,0.00045154584,-0.06935681,0.110853866
2020-10-26,0.07553809,-0.010400596,-0.0002088283,-0.048012033,0.12405276
2020-10-27,0.08109306,-0.025055487,2.295542e-05,-0.04314751,0.11809955
2020-10-28,0.11559698,-0.017957537,0.0002545852,-0.019029675,0.17907277
2020-10-29,0.11406526,-0.022976762,-9.2707756e-05,-0.01771579,0.21233262
2020-10-30,0.12248821,-0.004082857,0.00025485642,-0.007462495,0.22252037
2020-11-02,0.114263624,-0.0068306886,3.467992e-05,-0.013638782,0.18157287
2020-11-03,0.08775275,-0.004322745,0.0001503726,-0.036541533,0.16546439
2020-11-04,0.06532266,-0.016958334,0.00015043799,-0.037897404,0.16230401
2020-11-05,0.04483398,-0.015162435,0.00096089236,-0.05876423,0.16794689
2020-11-06,0.040575255,-0.0057789525,0.000729312,-0.065707445,0.20148209
2020-11-09,0.04151665,0.012107369,0.0010765183,-0.0065325964,0.15415066
2020-11-10,0.044552673,0.01522561,0.001192548,-0.0043359823,0.13250895
2020-11-11,0.042727906,0.008973678,0.0014467845,0.01046541,0.13893677
2020-11-12,0.048475217,-0.010902937,0.0012154273,0.0027241544,0.16059668
2020-11-13,0.03114387,-0.0056186197,0.0012154273,-0.007251328,0.15415066
2020-11-16,0.01705168,0.0019348257,0.0009835551,-0.015129332,0.11093827
2020-11-17,0.023342408,-0.011505425,0.0013309751,-0.0048275325,0.13267832
2020-11-18,0.03933337,-0.010447795,0.0010995847,0.004888599,0.13064781
2020-11-19,0.04368604,-0.015138384,0.0009836418,0.0031350842,0.118534535
2020-11-20,0.048647977,-0.025240364,0.00086804,0.003749599,0.11524431
2020-11-23,0.04409718,-0.018487561,0.0009837284,0.03126595,0.11171484
2020-11-24,0.033179794,-0.007025914,0.00075205066,0.050420247,0.06873868
2020-11-25,0.021015327,-0.0051480928,0.0007521641,0.07290635,0.030733809
2020-11-27,0.025097732,-0.02226138,0.0007521641,0.086062334,0.088893995
2020-11-30,0.035495576,-0.041753635,-5.8023e-05,0.07638531,0.1020681
2020-12-01,0.03936559,-0.03575311,0.0007180341,0.0532071,0.12742296
2020-12-02,0.042945396,-0.031017713,0.000370622,0.01090492,0.14360707
2020-12-03,0.0364546,-0.04070344,2.2949576e-05,0.0010988836,0.12567848
2020-12-04,0.02808531,-0.026723547,0.00013870765,0.010391433,0.13786972
2020-12-07,0.032831594,-0.024504837,-0.0002089514,-0.008729191,0.13835141
2020-12-08,0.026401607,-0.03863098,0.00013870765,-0.012730267,0.1525441
2020-12-09,0.028091371,-0.031360894,0.000370622,-0.007973706,0.12663257
2020-12-10,0.03624004,-0.03696304,0.00048603764,0.0023785576,0.11602211
2020-12-11,0.051157106,-0.03951155,-0.00020855412,0.016672766,0.12444104
2020-12-14,0.05655545,-0.043779306,2.273861e-05,0.021568252,0.11371965
2020-12-15,0.03958088,-0.037195437,2.273861e-05,-0.00023003994,0.08510884
2020-12-16,0.04194899,-0.022812989,0.00013842704,-0.0048717153,0.09117932
2020-12-17,0.034810286,-0.022052636,0.0,-0.017810782,0.07275943
2020-12-18,0.014067207,-0.016511215,0.00011570183,-0.022467693,0.06665369
2020-12-21,0.02621234,-0.026011907,0.0,-0.018361844,0.0862107
2020-12-22,0.0076764612,-0.037194073,0.00034726562,-0.0108327465,0.10205843
2020-12-23,0.023287112,-0.02910186,0.00023173727,-0.008117103,0.107508734
2020-12-24,0.033445407,-0.03952008,0.000115801995,-0.02433688,0.12292254
2020-12-28,0.025677182,-0.048877437,0.00011568844,-0.022212908,0.15036611
2020-12-29,0.03888816,-0.050282493,0.00011568844,-0.047614288,0.15483412
2020-12-30,0.041390345,-0.060852043,0.00023173727,-0.045416567,0.15584587
2020-12-31,0.04351869,-0.057930063,0.00023176408,-0.03910408,0.17378376
2021-01-04,0.056559943,-0.055985276,-0.00011558827,-0.057858746,0.19813596
2021-01-05,0.049260616,-0.041898705,0.0,-0.057161566,0.14822184
2021-01-06,0.044913754,-0.026647162,0.0005787765,-0.049510196,0.13638122
2021-01-07,0.035093427,-0.030290492,0.00046318112,-0.050214697,0.1437777
2021-01-08,0.028545195,-0.04240198,0.0002308427,-0.029863399,0.12748243
2021-01-11,0.035538513,-0.03441702,0.0005787765,-0.039317816,0.13793659
2021-01-12,0.03106191,-0.037678305,0.0005787765,-0.045831002,0.10763073
2021-01-13,0.026605383,-0.06225812,0.00081090827,-0.03737435,0.10013508
2021-01-14,0.022391783,-0.060483247,0.00046318825,-0.021996887,0.121942565
2021-01-15,0.030924967,-0.06733045,0.00046273388,-0.011815037,0.16042435
2021-01-19,0.034062333,-0.077135116,-0.000116202726,-0.020962194,0.16738772
2021-01-20,-0.0040722406,-0.09458424,-0.0015067478,-0.056109156,0.16170608
2021-01-21,-0.010149097,-0.055017393,-0.00034734604,-0.079961896,0.13772988
2021-01-22,0.017347561,-0.07154434,-0.00044013903,-0.07378951,0.13587157
2021-01-25,0.0055773943,-0.08319009,-0.0003245625,-0.069218606,0.11705648
2021-01-26,-0.0061944895,-0.09220612,-0.00078793877,-0.07782768,0.14565603
2021-01-27,0.006097672,-0.101216,-0.00078793877,-0.081357494,0.18141045
2021-01-28,0.015763674,-0.09372749,-0.00067223696,-0.081655815,0.21784322
2021-01-29,0.030995183,-0.09549862,-0.0013670222,-0.09167272,0.20197283
2021-02-01,0.02866318,-0.082894534,-0.001482884,-0.07996618,0.16845621
2021-02-02,0.020827174,-0.07442443,-0.00078803895,-0.062638424,0.16088761
2021-02-03,0.030129557,-0.072751835,-0.0009036272,-0.06199304,0.16194995
2021-02-04,0.02017356,-0.09152539,-0.001019721,-0.040413145,0.14739493
2021-02-05,0.022191733,-0.07725392,-0.0011353645,-0.045850027,0.13834697
2021-02-08,0.013733416,-0.085662074,-0.0010197029,-0.05494537,0.11300825
2021-02-09,0.017803507,-0.09391237,-0.00055629265,-0.05108538,0.111696064
2021-02-10,0.0035827984,-0.1107225,-0.0007876471,-0.060566776,0.039830424
2021-02-11,0.0001166352,-0.09905407,-0.0007876471,-0.04766937,0.07204268
2021-02-12,0.0031423166,-0.07541351,-0.0010197029,-0.046098858,0.05236818
2021-02-16,-0.0038929882,-0.051083,-0.0005557559,-0.03896877,-0.0048378413
2021-02-17,-0.009219048,-0.052046396,-0.00055582746,-0.024096126,0.0330999
2021-02-18,0.000656193,-0.055907097,-0.0004399879,-0.027676307,0.0087083
2021-02-19,0.018409502,-0.04603209,-0.00055606355,-0.028976904,0.058194805
2021-02-22,0.025626183,-0.04691965,-0.00055629265,-0.055802464,0.02529421
2021-02-23,0.021755962,-0.03880612,-0.0006718809,-0.07073864,-0.0018779173
2021-02-24,0.014842096,-0.037819322,-0.00078782986,-0.054974888,-0.035484456
2021-02-25,0.04997434,-0.0048933234,0.00070688716,-0.023430062,0.0055147693
2021-02-26,0.06939121,-0.04179035,-0.0008003469,0.0006795825,0.0
2021-03-01,0.044849455,-0.021725334,-0.00047542347,0.010408116,0.030334108
2021-03-02,0.053840004,-0.02878492,-0.000590894,0.0021526646,0.038027458
2021-03-03,0.0719098,-0.009658467,0.00033637538,0.023930028,0.009433946
2021-03-04,0.091605455,-0.006817609,-1.1829323e-05,0.026249597,-0.030543758
2021-03-05,0.07374063,-0.00919918,-0.00024343154,0.019538917,-0.05180619
2021-03-08,0.08169102,0.006071343,0.0004515715,0.03702272,-0.021858891
2021-03-09,0.06409353,-0.010873341,0.0004515715,0.01162088,0.017969966
2021-03-10,0.06857354,0.0037209806,0.00033637538,0.02256909,0.007136547
2021-03-11,0.061821915,0.0031641037,0.00022022039,0.029465038,-0.012389521
2021-03-12,0.05555132,0.021737069,0.00022014572,0.02688166,-0.006208533
2021-03-15,0.042256664,0.020472819,0.00033637538,0.026045034,-0.019661058
2021-03-16,0.052936442,0.026504686,0.0005678434,0.034982983,-0.030743843
2021-03-17,0.040357158,0.038370464,0.00022026958,0.021359148,-0.024270874
2021-03-18,0.06579764,0.04619527,0.000104240295,0.023347342,0.053766433
2021-03-19,0.06973556,0.03858728,-0.00012780941,0.021813704,0.0229053
2021-03-22,0.061566625,0.018683141,-0.00012762373,0.020764502,0.040005263
2021-03-23,0.069181085,0.0103449095,-1.19281885e-05,0.031031976,0.09345666
2021-03-24,0.08063022,0.002018406,-1.1424352e-05,0.023434568,0.06482917
2021-03-25,0.06842792,0.012245499,-1.1623434e-05,0.023700137,0.079597935
2021-03-26,0.05459618,0.016350247,-0.000104315135,0.03375562,0.056746345
2021-03-29,0.048912838,0.03163875,0.00012757788,0.038366262,0.07654978
2021-03-30,0.051882226,0.0280604,0.00035924092,0.059739448,0.08810714
2021-03-31,0.055791114,0.035300706,0.00070708105,0.061227474,0.09686439
2021-04-01,0.052301317,0.01389595,0.0010665057,0.057635043,0.062187
2021-04-05,0.028098341,0.008090315,0.0009507414,0.061031435,0.098144405
2021-04-06,0.019724516,-0.0043550692,0.00060298655,0.053209104,0.092675276
2021-04-07,-0.0029062263,-0.007930461,0.0003711535,0.046047922,0.09937252
2021-04-08,0.004298704,-0.014604145,0.00025461183,0.039452206,0.07504646
2021-04-09,0.012293673,-0.0016663851,0.0006028165,0.056092795,0.0932575
2021-04-12,0.009381508,-0.0033482125,0.00083441875,0.07374697,0.09852753
2021-04-13,-0.0022306654,-0.0133754,0.0006029471,0.068629764,0.07450262
2021-04-14,-0.0014348935,-0.012615115,0.00025527226,0.07366892,0.009747583
2021-04-15,-0.0014198675,-0.021016074,0.0004869224,0.062192257,-0.013423042
2021-04-16,-0.0055756024,-0.010017936,0.00037076682,0.056617163,0.017652642
2021-04-19,0.009492242,-0.003443627,0.0007192459,0.061145775,0.04267085
2021-04-20,0.014619528,0.0011788603,0.0004869224,0.066627435,0.05359203
2021-04-21,0.0071845315,-0.0025487547,0.00048690985,0.05502151,0.07855824
2021-04-22,0.016884634,-0.010934187,0.00060273736,0.061919782,0.074497886
2021-04-23,0.007887691,-0.010168997,0.00083453284,0.06952164,0.0646513
2021-04-26,0.0049207853,-0.00896383,0.0008584654,0.06418631,0.08753952
2021-04-27,0.006707808,0.0021100196,0.001089641,0.07158539,0.08291807
2021-04-28,0.0032767693,-0.0022993367,0.00051067973,0.0488729,0.0756843
2021-04-29,0.006028672,0.014261611,0.00062564184,0.06374108,0.06742244
2021-04-30,0.011649911,0.008872393,0.00039462018,0.071115404,0.08930714
2021-05-03,0.00970886,0.015275434,0.0007184615,0.05512368,0.08555092
2021-05-04,0.014404154,0.017301533,0.00048731186,0.060561024,0.057443973
2021-05-05,0.018728923,0.021635266,0.000602954,0.06071254,0.0673853
2021-05-06,0.012426127,0.01837556,0.00037103,0.03285436,0.07238086
2021-05-07,0.0074109305,0.015630279,-0.00032415031,0.018019605,0.077056706
2021-05-10,0.015526954,0.024603883,-9.257862e-05,0.011208821,0.0838618
2021-05-11,0.018892707,0.029429302,-0.00090501737,-0.0060014674,0.07301314
2021-05-12,0.040034942,0.054853722,-0.0007889787,-0.02724081,0.048629317
2021-05-13,0.014512231,0.071936764,-0.0018333289,-0.03690243,0.08432203
2021-05-14,0.013487869,0.045744214,-0.0016006924,-0.033803746,0.08529742
2021-05-17,0.021367729,0.05030201,-0.0010206418,-0.04957752,0.07567665
2021-05-18,0.028814526,0.050284404,-0.0018332164,-0.052183677,0.09375512
2021-05-19,0.037338097,0.054310262,-0.0013690294,-0.05347118,0.12889099
2021-05-20,0.030183634,0.03567793,-0.0019495152,-0.054721054,0.1564646
2021-05-21,0.033016533,0.042705067,-0.0013682104,-0.05523552,0.11476495
2021-05-24,0.023411665,0.0406785,-0.0017169057,-0.06755604,0.09585254
2021-05-25,0.026474075,0.035901316,-0.0014844507,-0.07174618,0.09771812
2021-05-26,0.030012643,0.037678987,-0.0019134444,-0.06656716,0.1016184
2021-05-27,0.037102453,0.047726415,-0.001449106,-0.060424253,0.10341602
2021-05-28,0.03349215,0.060967416,-0.0011014699,-0.05923815,0.08355095
2021-06-01,0.037901357,0.07001161,-0.00077736715,-0.052744005,0.039061107
2021-06-02,0.028148688,0.07160859,-0.00042904093,-0.058274563,0.04569939
2021-06-03,0.042485155,0.061207384,-0.00042919,-0.03518708,0.061924487
2021-06-04,0.03695625,0.046308003,-0.0010087339,-0.047154583,0.055481743
2021-06-07,0.03451248,0.0417038,-0.0017053272,-0.04985327,0.071430884
2021-06-08,0.03579016,0.045999758,-0.0012405013,-0.036058642,0.032426897
2021-06-09,0.033862125,0.048179388,-0.00089335267,-0.033963837,0.027136466
2021-06-10,0.02134996,0.04031056,-0.0013566568,-0.048000004,0.02227606
2021-06-11,0.004820421,0.06361697,-0.0006606172,-0.035503972,-0.04850935
2021-06-14,0.016812826,0.061619334,0.00015066884,-0.03092375,-0.04152002
2021-06-15,0.026712358,0.05007675,-8.1163635e-05,-0.030865077,-0.015097702
2021-06-16,0.03440308,0.06033622,0.00096263085,-0.011875533,0.003159617
2021-06-17,0.044970598,0.038763676,0.0010788497,0.016207952,0.0277685
2021-06-18,0.061004348,0.017165741,0.0016595867,0.019394832,0.02685795
2021-06-21,0.04222229,0.044664588,0.0016589004,0.00888527,0.0047060186
2021-06-22,0.03647991,0.042291865,0.0011950551,0.018120501,0.0062499624
2021-06-23,0.041824903,0.039309848,0.0018916179,0.0298264,0.019268282
2021-06-24,0.031058257,0.042398296,0.0020068751,0.022510413,0.01385699
2021-06-25,0.025412127,0.061715487,0.002493866,0.017966006,-0.021020643
2021-06-28,0.03150063,0.052017927,0.002144872,0.017318275,-0.0133492425
2021-06-29,0.026031915,0.052401103,0.0019138115,0.028115245,-0.051660184
2021-06-30,0.0315034,0.04284696,0.0012173741,0.019313559,-0.031523544
2021-07-01,0.027633296,0.02595005,0.0010669846,-0.009430596,-0.05113186
2021-07-02,0.019204699,0.016340543,0.00025439687,-0.03386234,-0.07921792
2021-07-06,0.022271099,5.8794805e-05,-0.00044080752,-0.03850238,-0.03403589
2021-07-07,0.021225136,-0.009375733,-9.292769e-05,-0.028611127,0.0023914136
2021-07-08,0.032398824,-0.014925654,-0.0005566351,-0.027715266,-0.019787073
2021-07-09,0.023598857,0.0149092125,-9.3117356e-05,-0.01680616,-0.05133381
2021-07-12,0.022375189,0.018627565,0.00037126665,-0.010588397,-0.057929747
2021-07-13,0.019213153,0.02590683,0.0009511154,-0.013385488,-0.085359834
2021-07-14,0.0067168097,0.017962705,0.0002551399,-0.023304936,-0.08355095
2021-07-15,0.0116850855,0.014331225,0.0001391409,-0.026417118,-0.08715446
2021-07-16,0.027485171,0.016883276,0.0002551399,-0.016126063,-0.116701715
2021-07-19,0.051121663,-0.0054731914,-0.00020897572,-0.0052019088,0.005879891
2021-07-20,0.03847923,-0.0035932218,-0.00078905927,-0.0043782196,0.024631917
2021-07-21,0.03251154,0.0008126824,-0.0005572008,-0.007613639,-0.0040112436
2021-07-22,0.024498925,-0.005830805,-0.00067293213,-0.008433345,-0.026369859
2021-07-23,0.023164785,0.007662526,-9.2974e-05,0.009623719,-0.018957997
2021-07-26,0.025100913,0.013235331,0.00037109447,0.0070516863,-0.017296126
2021-07-27,0.028185869,-0.0042089657,2.2941607e-05,0.0073936395,-0.020554151
2021-07-28,0.029127445,-0.0026024692,-0.00017431309,0.0024189733,-0.028437931
2021-07-29,0.028060427,0.0073144836,-0.00017431309,-0.011280293,-0.026296876
2021-07-30,0.032685954,-0.0065137753,-0.0004060824,0.0072752624,-0.031058364
2021-08-02,0.031204466,-0.02386509,-0.0011243767,-0.0112653505,-0.016660416
2021-08-03,0.021882953,-0.017613132,-0.0008921857,-0.013065167,0.00079023733
2021-08-04,0.022524389,-0.0076397257,-0.00031300425,-0.008887367,0.012966026
2021-08-05,0.008295989,-0.011384378,-0.0001970974,-0.00999894,0.017460773
2021-08-06,0.009200696,0.011502781,0.00038279395,0.018653926,0.038786054
2021-08-09,0.004603707,0.027147036,0.00084715517,0.04296665,0.05688353
2021-08-10,0.011678293,0.028262302,0.0011947234,0.036775973,0.061666027
2021-08-11,0.007609759,0.024283491,0.00038278254,0.00018290266,0.051969804
2021-08-12,-0.0051713367,0.021108404,0.00015096551,-0.0016472291,0.047609404
2021-08-13,-0.023804186,0.017761583,0.00026669944,-0.00875264,0.04747726
2021-08-16,-0.027101234,0.014479722,0.00026653736,-0.0070816353,0.055614017
2021-08-17,-0.0108167855,0.020830091,-8.1196595e-05,-0.009326479,0.083843544
2021-08-18,0.012265216,-0.0053803083,-0.0006618943,-0.021718355,0.12620777
2021-08-19,0.012364019,-0.022540022,-0.0010098126,-0.020066736,0.15120082
2021-08-20,0.00157343,-0.026887279,-0.0011260129,-0.018526882,0.19970565
2021-08-23,-0.027542392,-0.04192205,-0.0010098126,-0.04039483,0.1353096
2021-08-24,-0.027446933,-0.032381807,-0.0005458112,-0.04443551,0.1017041
2021-08-25,-0.041840646,-0.02417867,-0.00019683354,-0.019656915,0.09793763
2021-08-26,-0.024105856,-0.01856354,0.00027909028,-0.01854024,0.117513
2021-08-27,-0.04598711,-0.027893992,-0.0008815785,-0.028790556,0.12642881
2021-08-30,-0.040023785,-0.040202767,-0.0012300289,-0.028510105,0.14103696
2021-08-31,-0.034393504,-0.027747877,-0.0012295701,-0.02784599,0.12026498
2021-09-01,-0.026316363,-0.03993415,-0.0014968363,-0.03319057,0.14587465
2021-09-02,-0.031213533,-0.051313367,-0.0018454739,-0.030109053,0.12645298
2021-09-03,-0.038236927,-0.044717442,-0.002659334,-0.042635866,0.14509676
2021-09-07,-0.037119865,-0.01929086,-0.0018464177,-0.018353574,0.15802893
2021-09-08,-0.032309406,-0.016393999,-0.0024276902,0.0017917054,0.14667536
2021-09-09,-0.011339244,-0.024713393,-0.0026594265,-0.00017854822,0.17801812
2021-09-10,0.0041632457,-0.021702327,-0.0028930898,-0.011127545,0.16299093
2021-09-13,0.004563584,-0.02306949,-0.0038227825,-0.016954698,0.14769682
2021-09-14,0.017659906,-0.049011637,-0.0035895668,-0.020164086,0.16014068
2021-09-15,0.013262107,-0.0522712,-0.0032411653,-0.005556779,0.14294954
2021-09-16,0.017453535,-0.048869427,-0.0040568793,0.016446354,0.13220789
2021-09-17,0.02620528,-0.03310253,-0.0040577212,0.024130989,0.15567398
2021-09-20,0.048368756,-0.04695582,-0.0038237716,0.023902599,0.1636003
2021-09-21,0.050213233,-0.037859306,-0.004288843,0.009828675,0.17534207
2021-09-22,0.036065735,-0.025775986,-0.003941642,0.016190298,0.12801535
2021-09-23,0.033591777,-0.006308713,-0.003244709,0.02756595,0.12199977
2021-09-24,0.033973005,0.006564268,-0.0027803674,0.02030675,0.11103126
2021-09-27,0.038556553,0.0030210505,-0.0031183648,0.023433883,0.098530605
2021-09-28,0.062949106,0.023149304,-0.002186186,0.031046512,0.10609174
2021-09-29,0.06735429,0.011028223,-0.0027670271,0.027211295,0.06522512
2021-09-30,0.084353305,0.02162211,-0.002068743,0.020671437,0.05045471
2021-10-01,0.076002836,0.028086497,-0.0020789069,0.031399284,0.06750383
2021-10-04,0.08983601,0.028759114,-0.0027782167,0.030317063,0.052697863
2021-10-05,0.07617404,0.051396057,-0.002080116,0.039900478,0.053632095
2021-10-06,0.063949175,0.027318988,-0.0039442913,0.04803097,0.048385315
2021-10-07,0.055664048,0.03634581,-0.0042959866,0.058903106,0.025300598
2021-10-08,0.06500791,0.03896746,-0.003130835,0.060370293,0.018474786
2021-10-11,0.07261629,0.028870992,-0.0024334781,0.060710713,0.0074753677
2021-10-12,0.07903085,0.009369672,-0.0028985792,0.048946284,0.008163235
2021-10-13,0.0730076,0.0075833322,-0.0021997262,0.04040424,-0.018589266
2021-10-14,0.05971751,0.0076283584,-0.002316303,0.034746446,-0.023177523
2021-10-15,0.050340887,0.023974959,-0.0019677589,0.04309123,-0.06632255
2021-10-18,0.044565465,0.0074993307,-0.0024368186,0.022898605,-0.055780273
2021-10-19,0.03820537,0.006825096,-0.0027861462,0.011000032,-0.033741374
2021-10-20,0.03695151,0.029526252,-0.003367968,0.001317294,-0.051155277
2021-10-21,0.011791066,0.05567251,-0.00022088371,0.000599557,-0.16837947
2021-10-22,0.02501983,0.036650263,0.0004776368,-0.006878278,-0.17335983
2021-10-25,2.1960219e-05,0.053265147,-0.0008038825,-0.02051319,-0.21432428
2021-10-26,-0.012046936,0.051179655,-0.00045429863,-0.0091061555,-0.24660079
2021-10-27,0.007593158,0.034395993,-0.0015053381,-0.017278986,-0.19063355
2021-10-28,-0.010749128,0.049646787,-0.0010378427,-0.008664252,-0.20921458
2021-10-29,-0.001002192,0.0327652,-0.001971464,-0.0025835487,-0.16022772
2021-11-01,0.017753178,0.031878483,-0.0028029147,-0.004247347,-0.14598219
2021-11-02,0.016362498,0.0100140255,-0.0035005629,-0.0015566654,-0.12903029
2021-11-03,0.0035011831,0.025979001,-0.0036183712,0.0006633536,-0.10941047
2021-11-04,0.008169292,0.013108274,-0.0040815533,-0.006402751,-0.08305029
2021-11-05,-0.0041921926,0.012933956,-0.0039633717,-0.016862983,-0.12149109
2021-11-08,-0.011949168,0.012424792,-0.0033835117,-0.029833375,-0.1407958
2021-11-09,0.0068658213,-0.01017741,-0.0036145113,-0.03046703,-0.15425947
2021-11-10,0.0060855635,0.008663007,-0.0008402934,-0.029242307,-0.12183996
2021-11-11,-0.004937881,0.021417063,-0.00060752966,-0.03697188,-0.14507644
2021-11-12,-0.023146579,0.01829877,-0.001190141,-0.043105584,-0.15279573
2021-11-15,-0.0058856797,0.02712025,-0.001657892,-0.041975614,-0.12687972
2021-11-16,0.00011327542,0.034283165,-0.0017750057,-0.02535934,-0.11778313
2021-11-17,0.008748301,0.017674508,-0.0022417028,-0.03220355,-0.08178154
2021-11-18,0.019410323,0.016342394,-0.0024758843,-0.026624784,-0.0648144
2021-11-19,0.020382687,0.0018689266,-0.0022426897,-0.023268456,-0.02678419
2021-11-22,0.024480322,0.002681651,-0.0011928814,-0.0008893912,-0.027281083
2021-11-23,0.0203867,0.02559749,-0.0006082169,0.014952244,-0.05938147
2021-11-24,0.015197216,0.011628572,-0.00049172225,0.022717562,-0.06638165
2021-11-26,0.043526094,-0.0399272,-0.0036445218,0.008831108,0.0739959
2021-11-29,0.03099929,-0.036023382,-0.0035255107,0.017550122,0.07615614
2021-11-30,0.031259567,-0.05655349,-0.0039972938,0.021282472,0.115793675
2021-12-01,0.04148915,-0.060117885,-0.004933966,0.0049827616,0.1556908
2021-12-02,0.022327628,-0.068578765,-0.003884892,0.01507578,0.12582804
2021-12-03,0.029822024,-0.07798283,-0.0050550704,0.009734554,0.12382202
2021-12-06,0.027114965,-0.05751302,-0.0038860033,0.024190607,0.1052053
2021-12-07,0.009341092,-0.053239163,-0.0029522236,0.023286538,0.0920606
2021-12-08,-0.007177559,-0.02696204,-0.002833891,0.019344399,0.07009009
2021-12-09,5.692718e-06,-0.047764078,-0.0037734634,0.022590699,0.11488621
2021-12-10,-0.027231967,-0.059523538,-0.0057689366,0.01672806,0.11308669
2021-12-13,-0.028771961,-0.06729397,-0.005882508,0.029965684,0.123507984
2021-12-14,-0.032998174,-0.05876081,-0.0055336226,0.036848877,0.13141857
2021-12-15,-0.06832808,-0.037256047,-0.0050617857,0.029298754,0.12646149
2021-12-16,-0.055232804,-0.045894016,-0.005268778,0.022752944,0.11778313
2021-12-17,-0.05681691,-0.0587784,-0.00527145,0.028088095,0.15180588
2021-12-20,-0.048638802,-0.063425645,-0.0072684255,0.016029771,0.1709353
2021-12-21,-0.07119206,-0.041414138,-0.007508335,0.0034666331,0.14632386
2021-12-22,-0.056608785,-0.045681592,-0.0070382296,-0.008877238,0.1372403
2021-12-23,-0.044960987,-0.04214967,-0.006921304,-0.005221663,0.1312664
2021-12-27,-0.052279674,-0.04789617,-0.006652838,-0.006753577,0.10800597
2021-12-28,-0.041794907,-0.040544134,-0.006417154,0.0011852375,0.1063871
2021-12-29,-0.06685879,-0.037395798,-0.007125108,5.9371665e-05,0.11145546
2021-12-30,-0.05939949,-0.0605986,-0.0097148875,-0.005551319,0.12704656
2021-12-31,-0.060090505,-0.061910547,-0.009361563,-0.00498436,0.1408843
2022-01-03,-0.057669353,-0.042017613,-0.009255221,0.013571149,0.11340677
2022-01-04,-0.042804506,-0.035971608,-0.009957851,0.009625048,0.11273805
2022-01-05,-0.041544486,-0.046548545,-0.013764965,0.00883346,0.116091974
2022-01-06,-0.060520303,-0.034415253,-0.009861163,0.04002877,0.11398786
2022-01-07,-0.05983395,-0.039720476,-0.0117607005,0.04082441,0.121889785
2022-01-10,-0.042590424,-0.05359557,-0.010817714,0.028243557,0.10240867
2022-01-11,-0.050537102,-0.05432562,-0.009866018,0.02648283,0.064233065
2022-01-12,-0.07483005,-0.043075807,-0.008921586,0.0374192,0.065014616
2022-01-13,-0.06745184,-0.04144563,-0.009272364,0.040088248,0.08491572
2022-01-14,-0.07865026,-0.023619676,-0.008929869,0.045058936,0.07176492
2022-01-18,-0.07867997,-0.023322495,-0.007994824,0.051207654,0.07136624
2022-01-19,-0.053305008,-0.029564604,-0.0076355883,0.028980881,0.059952818
2022-01-20,-0.02035104,-0.03498094,-0.0074005327,0.028146656,0.05626087
2022-01-21,-0.003087281,-0.025135336,-0.006447319,0.04172642,0.060545705
2022-01-24,-0.022672145,-0.005390969,-0.0047308356,0.054247692,0.09740215
2022-01-25,0.007840919,-0.03855519,-0.0075707426,0.040594794,0.11397527
2022-01-26,0.0053622094,-0.016253421,-0.00580767,0.06282912,0.11911363
2022-01-27,0.0021544609,-0.017334126,-0.0039182925,0.09161485,0.1816573
2022-01-28,-0.052300002,-0.025342133,-0.0055734795,0.1093561,0.20314421
2022-01-31,-0.07776163,-0.03026926,-0.0068773725,0.13044047,0.21143505
2022-02-01,-0.058037937,-0.036791332,-0.007388451,0.09944644,0.10403863
2022-02-02,-0.0722311,-0.05464411,-0.0084551815,0.09894337,0.10093132
2022-02-03,-0.061241977,-0.04346678,-0.007986181,0.09331309,0.11720425
2022-02-04,-0.07326802,-0.05224062,-0.0085981125,0.07658373,0.06517973
2022-02-07,-0.04830166,-0.054634687,-0.008477541,0.0503258,0.025942545
2022-02-08,-0.034564205,-0.038166445,-0.0083671305,0.053514875,0.030712511
2022-02-09,-0.036660846,-0.04752778,-0.008606993,0.054998197,0.081967585
2022-02-10,-0.007638812,-0.019369395,-0.0037508598,0.04997327,0.09759355
2022-02-11,0.011984706,-0.05751694,-0.010179705,0.038709417,0.126616
2022-02-14,0.026893206,-0.057892215,-0.008763528,0.026095776,0.111457884
2022-02-15,-0.0020675478,-0.02479608,-0.008282055,0.049208246,0.16860037
2022-02-16,0.011774072,-0.03856915,-0.009824863,0.046210654,0.15330821
2022-02-17,0.038238786,-0.059950415,-0.013174181,0.028531283,0.15034261
2022-02-18,0.051822916,-0.06190863,-0.014252759,0.01089349,0.07351252
2022-02-22,0.07490726,-0.05698584,-0.012824637,0.009253319,0.09681075
2022-02-23,0.08661137,-0.035337213,-0.011512007,0.012762503,0.101722024
2022-02-24,0.05616343,-0.03356969,-0.012341612,0.019621046,0.091219164
2022-02-25,0.037169315,-0.030501071,-0.014431879,0.01657107,0.11410076
2022-02-28,0.04826128,-0.059156813,-0.015606731,0.011094136,0.13676365
2022-03-01,0.050896656,-0.09350333,-0.01971492,-0.013190845,0.08818874
2022-03-02,0.022618258,-0.066850044,-0.015683256,-0.0003895048,0.046193525
2022-03-03,0.032635394,-0.08454513,-0.014961107,-0.002547527,0.04167263
2022-03-04,0.038115703,-0.11255117,-0.017229568,-0.012104716,-0.010576151
2022-03-07,0.05079807,-0.12084365,-0.015686793,-0.021911005,-0.047760308
2022-03-08,0.054696824,-0.11211476,-0.0118585555,-0.041254997,-0.027131211
2022-03-09,0.039627437,-0.100236066,-0.010785205,-0.0063163945,0.10285748
2022-03-10,0.03162341,-0.106013894,-0.011755422,-0.012741781,0.11106862
2022-03-11,0.044830807,-0.1143361,-0.011399487,-0.0025966784,0.08541769
2022-03-14,0.068179615,-0.09822916,-0.011069289,-0.0026364715,0.08022764
2022-03-15,0.04568579,-0.07655616,-0.010823792,0.021129144,0.124905944
2022-03-16,0.008687547,-0.09374222,-0.011558678,0.011323915,0.14519899
2022-03-17,-0.03156842,-0.09257428,-0.011442784,-0.00332248,0.05412957
2022-03-18,-0.03668062,-0.09476168,-0.009636589,-0.012628201,0.02768336
2022-03-21,-0.06577718,-0.06131658,-0.0044856765,-0.0187161,-0.0033556155
2022-03-22,-0.07460284,-0.061331004,-0.0042490656,-0.019024635,0.005063347
2022-03-23,-0.036694773,-0.081520416,-0.005808951,-0.02720804,-0.01213474
2022-03-24,-0.089312464,-0.08671471,-0.007498087,-0.03455516,-0.0005619198
2022-03-25,-0.08818283,-0.09023039,-0.004813718,-0.049165823,0.0088938065
2022-03-28,-0.09069713,-0.09202461,-0.0043362426,-0.028148545,0.058976647
2022-03-29,-0.07299341,-0.09405405,-0.002163692,-0.018820617,0.06637491
2022-03-30,-0.10298947,-0.12960602,-0.004571142,-0.03064532,0.048574585
2022-03-31,-0.093465365,-0.14687634,-0.004692156,-0.029378336,0.08888617
2022-04-01,-0.1288364,-0.14191736,-7.114053e-05,-0.03757747,0.01128682
2022-04-04,-0.13505858,-0.12591498,-0.0012733741,-0.050893594,-0.042200364
2022-04-05,-0.1383605,-0.08397404,0.0006513908,-0.03647509,0.021158844
2022-04-06,-0.12935552,-0.07771451,0.0013730137,-0.05426827,0.04688358
2022-04-07,-0.11075525,-0.085044526,0.0002904545,-0.06618864,0.057284456
2022-04-08,-0.112143524,-0.075189784,0.00209466,-0.06294178,0.058152724
2022-04-11,-0.07454179,-0.071395755,-0.00031209897,-0.074188076,0.049927138
2022-04-12,-0.111976475,-0.04892057,-0.0023542736,-0.08130417,-0.006069138
2022-04-13,-0.12950805,-0.04855939,-0.0013907894,-0.071491,-0.016788904
2022-04-14,-0.11654173,-0.017023895,0.0011316304,-0.067484215,-0.011808997
2022-04-18,-0.098415986,-0.028634002,0.00065102,-0.065937035,-0.008542535
2022-04-19,-0.12209248,-0.001574714,0.0052187387,-0.04321505,0.038089365
2022-04-20,-0.11255448,-0.01755442,0.0053358194,-0.05414631,0.038393553
2022-04-21,-0.07770384,-0.014664202,0.0072631235,-0.052432973,0.050475664
2022-04-22,-0.025628353,-0.005912105,0.0077447663,-0.04214243,0.08743162
2022-04-25,-0.037036125,-0.03725278,0.004618247,-0.033950265,0.101085216
2022-04-26,-0.015768716,-0.048412945,0.00095024594,-0.029125283,0.0899481
2022-04-27,0.00028769166,-0.034987718,0.0016720953,-0.00930552,0.11190475
2022-04-28,-0.041205738,-0.0386286,0.0020331303,-0.024893224,0.122581005
2022-04-29,-0.00050988887,-0.0441865,0.0026369747,-0.02919369,0.12704617
2022-05-02,0.003035486,-0.015958462,0.0028297799,-0.003981899,0.13152327
2022-05-03,-0.012469669,-0.031577926,0.002589554,-0.007553284,0.16856456
2022-05-04,-0.0665386,-0.033747572,-0.0007865618,-0.020516235,0.119879544
2022-05-05,-0.059773043,-0.012187953,-0.0033299883,-0.00337468,0.10670659
2022-05-06,-0.092494115,-0.02922518,-0.008309914,-0.031796545,0.087451436
2022-05-09,-0.06297099,-0.050677724,-0.0127904415,-0.025246603,0.12783347
2022-05-10,-0.051123146,-0.04122191,-0.008292887,-0.0037990278,0.13575599
2022-05-11,-0.06876557,-0.052403085,-0.00707766,-0.0007525391,0.101551704
2022-05-12,-0.06556753,-0.0473184,-0.008763473,0.006443357,0.044262175
2022-05-13,-0.06433214,-0.049524907,-0.008767796,0.010842199,0.03420486
2022-05-16,-0.062081166,-0.021360353,-0.006458769,0.0053261877,-0.017577058
2022-05-17,-0.07268783,-0.0010217871,-0.0034449494,0.0054771635,-0.024097508
2022-05-18,-0.0002422366,-0.03605491,-0.004169438,0.003946859,0.020269135
2022-05-19,0.0020740442,-0.04701282,-0.006702284,-0.011761112,0.026409356
2022-05-20,-0.019007014,-0.053650066,-0.007665769,-0.014108261,0.039698258
2022-05-23,-0.03835858,-0.02157107,-0.0059741074,-0.019514503,0.009605282
2022-05-24,-0.038853202,-0.032368023,-0.006320653,-0.0331038,-0.026509436
2022-05-25,-0.03712843,-0.026099464,-0.0040344987,-0.027886953,-0.019823985
2022-05-26,-0.05502594,-0.013737694,-0.004394348,-0.047474142,-0.13753656
2022-05-27,-0.07590709,-0.033109732,-0.0074105896,-0.06396405,-0.15947208
2022-05-31,-0.055413973,-0.020559378,-0.006577655,-0.053466875,-0.121775664
2022-06-01,-0.048115723,-0.03055321,-0.0059259296,-0.059384275,-0.097822264
2022-06-02,-0.07846921,-0.013971987,-0.005803258,-0.07699324,-0.120357834
2022-06-03,-0.07081007,-0.0058957473,-0.0049580126,-0.07051299,-0.21009704
2022-06-06,-0.079115316,0.024121333,-0.0047232043,-0.061323278,-0.19447438
2022-06-07,-0.0910938,0.0051866947,-0.005207094,-0.08196719,-0.2218101
2022-06-08,-0.0612372,0.019699384,-0.0037570342,-0.08305205,-0.23351489
2022-06-09,-0.045458198,0.0059012496,-0.003639663,-0.07892076,-0.18683147
2022-06-10,0.010626984,0.006713504,-0.00049974123,-0.08985927,-0.15924817
2022-06-13,0.05568773,0.041216053,0.00447972,-0.07253842,-0.16314553
2022-06-14,0.0688372,0.071038224,0.009216123,-0.050491218,-0.16790754
2022-06-15,0.045360062,0.06922531,0.007857064,-0.060965087,-0.16019005
2022-06-16,0.08023033,0.051484164,0.0056765825,-0.074887834,-0.1466297
2022-06-17,0.066175446,0.04903357,0.005435566,-0.06781754,-0.11134837
2022-06-21,0.06694842,0.06049698,0.0073700007,-0.05394029,-0.081898145
2022-06-22,0.0812276,0.04129708,0.0066298726,-0.04580588,-0.050699577
2022-06-23,0.08594602,0.030394578,0.0056617805,-0.036850613,-0.008349631
2022-06-24,0.051681597,0.06813215,0.0058796536,-0.03020042,-0.06266035
2022-06-27,0.048889276,0.055310894,0.0034670988,-0.035038713,-0.071084514
2022-06-28,0.08507192,0.066284046,0.004072537,-0.030954057,-0.12357304
2022-06-29,0.085211076,0.050461326,0.0041904864,-0.013782713,-0.12906535
2022-06-30,0.091676675,0.017626405,-0.0018576344,-0.018996906,-0.0978352
2022-07-01,0.07999428,0.023424217,-0.0038939598,-0.009731159,-0.082887605
2022-07-05,0.07412858,0.0117035555,-0.004743154,0.014761509,0.010644657
2022-07-06,0.09154345,0.022084482,-0.0009974525,0.028215416,0.035506744
2022-07-07,0.07667717,0.0073380712,-0.00063510734,0.02501881,0.024097519
2022-07-08,0.09428768,0.028565349,0.0008177803,0.033743348,-0.019960713
2022-07-11,0.10988902,0.010602214,0.0013023274,0.026167747,-0.044554725
2022-07-12,0.1207345,0.008827102,-2.977408e-05,0.028139764,0.0006056035
2022-07-13,0.11887623,-0.01306658,0.000211851,0.016874153,0.0047990703
2022-07-14,0.12421033,-0.0033932806,0.0020288285,0.028400958,0.04210521
2022-07-15,0.091756046,-0.025238885,0.0005751124,0.023063881,0.0289362
2022-07-18,0.079005085,-0.01813318,-0.00015251826,0.015461628,-0.0005771639
2022-07-19,0.04992205,-0.018242858,0.0014236567,0.020043556,0.011293069
2022-07-20,0.046765342,-0.028209249,0.00045317126,0.032434646,0.03085804
2022-07-21,0.050652415,-0.031497613,-0.0017266939,0.021480955,0.036138278
2022-07-22,0.025538724,-0.040659767,-0.0045065614,0.0067611607,0.03472577
2022-07-25,0.017690424,-0.039134383,-0.0043901494,0.010121511,0.047279418
2022-07-26,0.018553402,-0.03741898,-0.0043922765,0.0029324696,0.020774031
2022-07-27,-0.014719797,-0.041391943,-0.006083622,-0.014956308,-0.049492244
2022-07-28,-0.024051173,-0.067799106,-0.008983976,-0.03589701,-0.072674
2022-07-29,-0.049125172,-0.05943699,-0.006673945,-0.029937983,-0.076044776
2022-08-01,-0.049940046,-0.10831556,-0.008839079,-0.041445795,-0.042459138
2022-08-02,-0.02551511,-0.07123716,-0.0038767846,-0.025372518,-0.10974868
2022-08-03,-0.034538113,-0.09716946,-0.0054567973,-0.033828173,-0.07559963
2022-08-04,-0.01844681,-0.09461602,-0.00763825,-0.04496302,-0.0036318658
2022-08-05,-0.0060646473,-0.07877588,-0.0036462771,-0.028597852,0.014406008
2022-08-08,-0.04935928,-0.092463806,-0.008033585,-0.05012893,-0.020190718
2022-08-09,-0.041571867,-0.08513884,-0.007919783,-0.057038832,-0.00767628
2022-08-10,-0.073776335,-0.07923429,-0.009991569,-0.073379524,-0.05989817
2022-08-11,-0.08143482,-0.0640191,-0.009138282,-0.06520405,-0.0826916
2022-08-12,-0.090497,-0.071776606,-0.010482812,-0.073590234,-0.064231336
2022-08-15,-0.10615417,-0.08093118,-0.011820981,-0.06636264,-0.050359406
2022-08-16,-0.12570876,-0.06846576,-0.011832014,-0.05997878,-0.033859793
2022-08-17,-0.12702063,-0.08385446,-0.012826845,-0.054067276,-0.041545324
2022-08-18,-0.14681986,-0.08125876,-0.015511285,-0.06887525,-0.12675165
2022-08-19,-0.14323239,-0.08432108,-0.017003056,-0.07322911,-0.15794133
2022-08-22,-0.12474618,-0.1076378,-0.015669543,-0.064522065,-0.14447857
2022-08-23,-0.102838695,-0.06918533,-0.01184493,-0.05091506,-0.13248916
2022-08-24,-0.12714492,-0.067028604,-0.012105109,-0.054053586,-0.15313834
2022-08-25,-0.15674815,-0.09386367,-0.013573976,-0.057047073,-0.15640685
2022-08-26,-0.0962541,-0.08560846,-0.011138494,-0.020800913,-0.10611921
2022-08-29,-0.059103712,-0.080097884,-0.0100412145,-0.007192514,-0.10481093
2022-08-30,-0.050396204,-0.09218732,-0.010540233,-0.004370617,-0.044971205
2022-08-31,-0.053127326,-0.08815385,-0.011650091,0.0022577657,0.0017682344
2022-09-01,-0.08455062,-0.07943139,-0.012153251,6.340311e-05,0.061303824
2022-09-02,-0.08161503,-0.10074049,-0.014713223,-0.024020974,0.03554889
2022-09-06,-0.08418758,-0.07124422,-0.012030029,-0.020224608,0.006604619
2022-09-07,-0.105297245,-0.082040936,-0.012503564,-0.025006823,0.050942626
2022-09-08,-0.085763454,-0.08134324,-0.014249836,-0.025934054,0.067344815
2022-09-09,-0.124231316,-0.091846146,-0.013891872,-0.043741062,-0.010975818
2022-09-12,-0.10954943,-0.08847618,-0.012656975,-0.045924366,-0.030250387
2022-09-13,-0.053412043,-0.088459134,-0.008745002,-0.030678978,-0.046662893
2022-09-14,-0.06433249,-0.11026308,-0.009744355,-0.04031287,-0.03682888
2022-09-15,-0.061335098,-0.1268559,-0.009755582,-0.023040531,0.007380039
2022-09-16,-0.029665574,-0.13667272,-0.0076471977,-0.010903702,0.00980391
2022-09-19,-0.025228798,-0.1473034,-0.0067923544,-0.014922358,0.0036786946
2022-09-20,0.0021587487,-0.10858655,-0.0053139143,-0.0069240727,0.019106824
2022-09-21,0.012193698,-0.1108966,-0.003591043,-0.0052128546,0.060145542
2022-09-22,0.015274808,-0.07459901,0.00034632283,-0.0061847344,0.06636926
2022-09-23,0.055683713,-0.085572995,9.911369e-05,0.0009799077,0.110357925
2022-09-26,0.05837608,-0.07343137,0.00083714497,0.004486436,0.12420029
2022-09-27,0.056546632,-0.0374454,-0.00014033377,0.012590419,0.12641816
2022-09-28,0.011644829,-0.07472849,-0.0049453415,-0.014980109,0.097056836
2022-09-29,0.022404846,-0.07495124,-0.005452725,-0.01859946,0.08985121
2022-09-30,0.052279897,-0.07889956,-0.00347455,0.011570503,0.16258475
2022-10-03,0.035741005,-0.10469071,-0.006535268,-0.016418764,0.11630602
2022-10-04,0.010605723,-0.09101806,-0.0059117,-0.0078088795,0.050590992
2022-10-05,-0.007880546,-0.07812843,-0.003317981,-0.007285115,-0.010810947
2022-10-06,0.05598602,-0.034803268,0.0033430867,0.023831965,-0.016627308
2022-10-07,0.09390833,-0.028718617,0.00433043,0.04143995,-0.015557867
2022-10-10,0.09303018,-0.015505156,0.003839041,0.058943417,-0.039174173
2022-10-11,0.10787614,-0.0038704996,0.004330319,0.06451433,0.007749757
2022-10-12,0.10352186,0.012867635,0.003466701,0.056880515,0.0024198217
2022-10-13,0.07440866,0.011872049,0.005198862,0.056534167,-0.05538378
2022-10-14,0.10199095,0.013255268,0.0045834654,0.06215382,-0.03811766
2022-10-17,0.072975844,0.022342805,0.0032238178,0.053676102,-0.040105663
2022-10-18,0.07466198,0.034092855,0.0034697352,0.05270048,-0.0012577816
2022-10-19,0.08805565,0.069757685,0.006187191,0.07240191,-0.070707574
2022-10-20,0.09625257,0.083603546,0.0074243443,0.074843474,-0.08167804
2022-10-21,0.056155846,0.10460489,0.005071963,0.04923798,-0.08656798
2022-10-24,0.042274907,0.101108335,0.0049501183,0.05741511,-0.06119855
2022-10-25,0.05744692,0.07973908,0.0069143046,0.06784068,-0.037951563
2022-10-26,0.064273626,0.09688067,0.008201604,0.07971507,-0.06453846
2022-10-27,0.06847343,0.0989615,0.0058615548,0.07780313,-0.088445246
2022-10-28,0.02680828,0.091753006,0.004510252,0.0707585,-0.10969892
2022-10-31,0.019538138,0.11170459,0.007099031,0.08168702,-0.12693064
2022-11-01,0.022221003,0.12569192,0.010166117,0.08053379,-0.1735419
2022-11-02,0.05544069,0.1272967,0.009678292,0.0883721,-0.19744405
2022-11-03,0.05829251,0.1063498,0.011045579,0.09572329,-0.18149775
2022-11-04,0.058316477,0.12648582,0.00931516,0.057193868,-0.21186914
2022-11-07,0.056337725,0.14612181,0.0131314,0.07810102,-0.19250834
2022-11-08,0.044542745,0.13950793,0.012262009,0.052828703,-0.14932583
2022-11-09,0.040594254,0.14012052,0.010787915,0.041363996,-0.12871204
2022-11-10,-0.024779392,0.09113522,0.0063414,0.020044863,-0.15235601
2022-11-11,-0.042927228,0.0778581,0.005359039,0.010638457,-0.16976409
2022-11-14,-0.033016905,0.062396098,0.006220822,0.02491149,-0.12549633
2022-11-15,-0.026667899,0.0488561,0.0062189037,0.019743405,-0.12551606
2022-11-16,-0.033378493,0.027030276,0.005481194,0.009883167,-0.11563055
2022-11-17,-0.024578258,0.022869332,0.0062205372,0.020170962,-0.056289755
2022-11-18,-0.033059884,0.009799417,0.0059767156,0.035483148,-0.03130608
2022-11-21,-0.04192259,-0.00031573302,0.0062232893,0.03657279,-0.038122497
2022-11-22,-0.03745001,-0.0031207649,0.0062217405,0.040982395,-0.05867409
2022-11-23,-0.046369284,-0.031598654,0.00412854,0.03943765,0.010950459
